x,y,z,id,isotime,latitude,longitude,depth,event_type,evaluation_mode,method_id,author,rms,num_phase,magnitude,mag_type
-55.86681974,-23.41238894,-89.312005,1,2023-08-03T07:27:06.691797Z,46.51075938,8.476644808,-1.396067995,induced or triggered event,manual,smi:org.gfz-potsdam.de/geofon/StdLoc_OctTree+LeastSquares,mesimeri,0.000139531,9,-4.183736526,MwA
-60.70368161,20.49749621,-23.876467,3,2023-08-03T07:58:42.590497Z,46.51115493,8.476589371,-1.461503533,,automatic,smi:org.gfz-potsdam.de/geofon/StdLoc_GridSearch+LeastSquares,scanloc@bedretto-dev2,0.000203801,13,-3.864207016,MwA
-88.6705691,-47.76466459,-79.22431,7,2023-08-03T09:18:54.494182Z,46.51054424,8.476213243,-1.40615569,,automatic,smi:org.gfz-potsdam.de/geofon/StdLoc_GridSearch+LeastSquares,scanloc@bedretto-dev2,0.00014264,18,-4.230764227,MwA
-94.14562854,-46.80512764,-89.456741,12,2023-08-03T09:54:10.086986Z,46.51055352,8.476142077,-1.395923259,,automatic,smi:org.gfz-potsdam.de/geofon/StdLoc_GridSearch+LeastSquares,scanloc@bedretto-dev2,6.62E-05,9,-4.522677858,MwA
-94.22470722,-48.298198,-86.944999,14,2023-08-03T09:55:33.589577Z,46.5105401,8.47614079,-1.398435001,,automatic,smi:org.gfz-potsdam.de/geofon/StdLoc_GridSearch+LeastSquares,scanloc@bedretto-dev2,9.04E-05,9,-4.570807298,MwA
-85.34122794,-42.74421108,-89.812869,18,2023-08-03T09:57:17.962571Z,46.510589,8.476257481,-1.395567131,,automatic,smi:org.gfz-potsdam.de/geofon/StdLoc_GridSearch+LeastSquares,scanloc@bedretto-dev2,7.07E-05,8,-4.528645389,MwA
-97.19885031,-47.98502349,-90.236198,19,2023-08-03T09:57:26.292703Z,46.51054327,8.476102096,-1.395143802,,automatic,smi:org.gfz-potsdam.de/geofon/StdLoc_GridSearch+LeastSquares,scanloc@bedretto-dev2,3.39E-05,8,-4.519723494,MwA
-105.1215966,-46.88104514,-101.570823,20,2023-08-03T09:58:33.475851Z,46.51055414,8.475999066,-1.383809177,,automatic,smi:org.gfz-potsdam.de/geofon/StdLoc_GridSearch+LeastSquares,scanloc@bedretto-dev2,9.44E-05,9,-4.491959659,MwA
-93.77621319,-50.37466244,-83.074187,22,2023-08-03T09:59:03.450525Z,46.51052137,8.476146276,-1.402305813,,automatic,smi:org.gfz-potsdam.de/geofon/StdLoc_GridSearch+LeastSquares,scanloc@bedretto-dev2,6.87E-05,11,-4.257272301,MwA
-116.7851172,-39.35630322,-104.314152,25,2023-08-03T09:59:19.205433Z,46.51062321,8.475848408,-1.381065848,,automatic,smi:org.gfz-potsdam.de/geofon/StdLoc_GridSearch+LeastSquares,scanloc@bedretto-dev2,0.000288621,8,-4.162452495,MwA
-106.5736912,-54.71375695,-95.61593,27,2023-08-03T09:59:50.600346Z,46.51048386,8.4759788,-1.38976407,,automatic,smi:org.gfz-potsdam.de/geofon/StdLoc_GridSearch+LeastSquares,scanloc@bedretto-dev2,7.69E-05,16,-4.040711362,MwA
-111.9867512,-48.11558909,-110.713316,28,2023-08-03T10:00:35.616525Z,46.51054385,8.475909412,-1.374666684,,automatic,smi:org.gfz-potsdam.de/geofon/StdLoc_GridSearch+LeastSquares,scanloc@bedretto-dev2,0.000119411,8,-4.575678832,MwA
-93.86327613,-50.42471588,-83.743808,29,2023-08-03T10:00:37.421524Z,46.51052093,8.476145133,-1.401636192,,automatic,smi:org.gfz-potsdam.de/geofon/StdLoc_GridSearch+LeastSquares,scanloc@bedretto-dev2,0.000201651,9,-4.37799866,MwA
-95.13193629,-49.72435464,-86.286498,30,2023-08-03T10:00:42.156649Z,46.51052738,8.476128725,-1.399093502,,automatic,smi:org.gfz-potsdam.de/geofon/StdLoc_GridSearch+LeastSquares,scanloc@bedretto-dev2,7.91E-05,13,-4.293123401,MwA
-95.41719061,-49.99052019,-85.339458,31,2023-08-03T10:00:46.441858Z,46.51052502,8.476124963,-1.400040542,,automatic,smi:org.gfz-potsdam.de/geofon/StdLoc_GridSearch+LeastSquares,scanloc@bedretto-dev2,5.73E-05,14,-4.286794638,MwA
-94.00466149,-42.19055654,-91.878063,32,2023-08-03T10:01:21.576556Z,46.51059501,8.476144708,-1.393501937,,automatic,smi:org.gfz-potsdam.de/geofon/StdLoc_GridSearch+LeastSquares,scanloc@bedretto-dev2,9.28E-05,17,-4.083719029,MwA
-89.08483061,-46.34655736,-103.946494,34,2023-08-03T10:03:12.261666Z,46.51055704,8.476208086,-1.381433506,,automatic,smi:org.gfz-potsdam.de/geofon/StdLoc_GridSearch+LeastSquares,scanloc@bedretto-dev2,9.73E-05,16,-4.133881296,MwA
-103.5012016,-46.3948629,-103.777444,35,2023-08-03T10:03:24.747027Z,46.51055832,8.47602026,-1.381602556,,automatic,smi:org.gfz-potsdam.de/geofon/StdLoc_GridSearch+LeastSquares,scanloc@bedretto-dev2,7.47E-05,10,-4.402382101,MwA
-101.701634,-54.27152333,-87.840404,37,2023-08-03T10:04:47.169126Z,46.51048726,8.476042351,-1.397539596,,automatic,smi:org.gfz-potsdam.de/geofon/StdLoc_GridSearch+LeastSquares,scanloc@bedretto-dev2,8.26E-05,13,-4.254302605,MwA
-91.585145,-47.54735945,-85.609668,39,2023-08-03T10:05:17.092926Z,46.51054654,8.476175308,-1.399770332,,automatic,smi:org.gfz-potsdam.de/geofon/StdLoc_GridSearch+LeastSquares,scanloc@bedretto-dev2,8.68E-05,9,-4.395716213,MwA
-98.73851255,-50.76255504,-88.715362,41,2023-08-03T10:05:27.414227Z,46.51051847,8.476081559,-1.396664638,,automatic,smi:org.gfz-potsdam.de/geofon/StdLoc_GridSearch+LeastSquares,scanloc@bedretto-dev2,5.29E-05,12,-4.403185705,MwA
-92.85371693,-49.60979642,-83.68866,42,2023-08-03T10:05:39.916543Z,46.51052814,8.476158426,-1.40169134,,automatic,smi:org.gfz-potsdam.de/geofon/StdLoc_GridSearch+LeastSquares,scanloc@bedretto-dev2,0.00014391,16,-4.313253476,MwA
-99.04997726,-47.98612826,-91.260861,43,2023-08-03T10:05:49.454458Z,46.51054348,8.476077979,-1.394119139,,automatic,smi:org.gfz-potsdam.de/geofon/StdLoc_GridSearch+LeastSquares,scanloc@bedretto-dev2,0.000110261,9,-4.596813022,MwA
-100.1021108,-53.2364626,-87.713065,44,2023-08-03T10:06:10.396376Z,46.51049638,8.476063368,-1.397666935,,automatic,smi:org.gfz-potsdam.de/geofon/StdLoc_GridSearch+LeastSquares,scanloc@bedretto-dev2,0.00013777,19,-4.056665205,MwA
-87.31250501,-43.59942765,-99.63258,46,2023-08-03T10:06:58.920448Z,46.51058154,8.47623165,-1.38574742,,automatic,smi:org.gfz-potsdam.de/geofon/StdLoc_GridSearch+LeastSquares,scanloc@bedretto-dev2,0.000145484,15,-4.341854214,MwA
-86.25192345,-44.915357,-86.016583,47,2023-08-03T10:06:59.485931Z,46.51056958,8.476245243,-1.399363417,,automatic,smi:org.gfz-potsdam.de/geofon/StdLoc_GridSearch+LeastSquares,scanloc@bedretto-dev2,6.71E-05,11,-4.332727264,MwA
-100.7943512,-47.88004533,-99.534461,49,2023-08-03T10:07:48.260569Z,46.51054464,8.47605527,-1.385845539,,automatic,smi:org.gfz-potsdam.de/geofon/StdLoc_GridSearch+LeastSquares,scanloc@bedretto-dev2,0.000171779,14,-4.275462774,MwA
-93.8196285,-49.11445227,-85.747735,50,2023-08-03T10:07:48.964320Z,46.51053271,8.476145927,-1.399632265,,automatic,smi:org.gfz-potsdam.de/geofon/StdLoc_GridSearch+LeastSquares,scanloc@bedretto-dev2,0.000119972,17,-4.200099433,MwA
-95.26494807,-50.14857356,-86.514493,51,2023-08-03T10:09:58.299472Z,46.51052358,8.476126919,-1.398865507,induced or triggered event,manual,smi:org.gfz-potsdam.de/geofon/StdLoc_OctTree+LeastSquares,LinusVilliger,0.000388286,37,-3.113488632,MwA
-93.39260278,-46.06234451,-97.771496,54,2023-08-03T10:10:11.872187Z,46.51056011,8.476152014,-1.387608504,,automatic,smi:org.gfz-potsdam.de/geofon/StdLoc_GridSearch+LeastSquares,scanloc@bedretto-dev2,8.25E-05,11,-4.505032164,MwA
-91.94597778,-46.36783159,-98.532191,55,2023-08-03T10:10:24.367104Z,46.51055719,8.476170808,-1.386847809,,automatic,smi:org.gfz-potsdam.de/geofon/StdLoc_GridSearch+LeastSquares,scanloc@bedretto-dev2,0.000146974,16,-4.113187756,MwA
-104.8248748,-51.47754034,-101.876822,56,2023-08-03T10:10:31.377462Z,46.51051276,8.47600214,-1.383503178,,automatic,smi:org.gfz-potsdam.de/geofon/StdLoc_GridSearch+LeastSquares,scanloc@bedretto-dev2,0.000110233,12,-4.373401545,MwA
-100.1346627,-47.8913965,-96.749835,59,2023-08-03T10:12:21.340545Z,46.51054446,8.476063863,-1.388630165,,automatic,smi:org.gfz-potsdam.de/geofon/StdLoc_GridSearch+LeastSquares,scanloc@bedretto-dev2,6.31E-05,14,-4.128505302,MwA
-95.45881327,-48.90706701,-87.452808,61,2023-08-03T10:13:28.867095Z,46.51053477,8.476124607,-1.397927192,,automatic,smi:org.gfz-potsdam.de/geofon/StdLoc_GridSearch+LeastSquares,scanloc@bedretto-dev2,6.09E-05,9,-4.579614675,MwA
-101.0539007,-55.92731199,-85.057754,62,2023-08-03T10:13:46.074647Z,46.51047229,8.476050505,-1.400322246,,automatic,smi:org.gfz-potsdam.de/geofon/StdLoc_GridSearch+LeastSquares,scanloc@bedretto-dev2,0.000108697,17,-4.077553968,MwA
-95.99179324,-43.31855427,-92.813134,67,2023-08-03T10:14:44.597150Z,46.5105851,8.476118625,-1.392566866,,automatic,smi:org.gfz-potsdam.de/geofon/StdLoc_GridSearch+LeastSquares,scanloc@bedretto-dev2,0.000120819,17,-3.975154114,MwA
-88.47301881,-47.07820358,-84.774868,68,2023-08-03T10:15:04.847454Z,46.51055039,8.476215934,-1.400605132,,automatic,smi:org.gfz-potsdam.de/geofon/StdLoc_GridSearch+LeastSquares,scanloc@bedretto-dev2,9.69E-05,11,-4.412386763,MwA
-86.7139441,-46.71033326,-83.295155,69,2023-08-03T10:15:22.879303Z,46.51055349,8.476238915,-1.402084845,,automatic,smi:org.gfz-potsdam.de/geofon/StdLoc_GridSearch+LeastSquares,scanloc@bedretto-dev2,6.26E-05,8,-4.26561455,MwA
-98.11807519,-54.47998334,-81.698801,70,2023-08-03T10:15:44.526721Z,46.51048496,8.476089003,-1.403681199,,automatic,smi:org.gfz-potsdam.de/geofon/StdLoc_GridSearch+LeastSquares,scanloc@bedretto-dev2,7.74E-05,9,-4.36571513,MwA
-90.48496483,-47.1781853,-84.639849,73,2023-08-03T10:16:36.156704Z,46.51054973,8.476189705,-1.400740151,,automatic,smi:org.gfz-potsdam.de/geofon/StdLoc_GridSearch+LeastSquares,scanloc@bedretto-dev2,5.23E-05,9,-4.546630516,MwA
-105.1674336,-52.70844259,-96.76173,75,2023-08-03T10:16:48.436991Z,46.51050173,8.475997466,-1.38861827,,automatic,smi:org.gfz-potsdam.de/geofon/StdLoc_GridSearch+LeastSquares,scanloc@bedretto-dev2,8.23E-05,8,-4.517113278,MwA
-92.1538143,-47.96620338,-86.65224,79,2023-08-03T10:18:52.806423Z,46.51054284,8.476167827,-1.39872776,,automatic,smi:org.gfz-potsdam.de/geofon/StdLoc_GridSearch+LeastSquares,scanloc@bedretto-dev2,9.34E-05,10,-4.283066148,MwA
-91.15727705,-44.0319208,-84.883182,80,2023-08-03T10:18:59.976527Z,46.51057811,8.476181488,-1.400496818,,automatic,smi:org.gfz-potsdam.de/geofon/StdLoc_GridSearch+LeastSquares,scanloc@bedretto-dev2,8.74E-05,17,-4.162347871,MwA
-95.78276481,-47.31236868,-100.356521,82,2023-08-03T10:19:00.290399Z,46.51054915,8.476120659,-1.385023479,,automatic,smi:org.gfz-potsdam.de/geofon/StdLoc_GridSearch+LeastSquares,scanloc@bedretto-dev2,0.000156875,16,-4.011888834,MwA
-93.10110379,-43.05684045,-94.26009,83,2023-08-03T10:19:10.612167Z,46.51058711,8.47615633,-1.39111991,,automatic,smi:org.gfz-potsdam.de/geofon/StdLoc_GridSearch+LeastSquares,scanloc@bedretto-dev2,0.000141538,20,-3.968481744,MwA
-102.8565349,-57.67546012,-85.469677,84,2023-08-03T10:19:17.966130Z,46.51045678,8.476026719,-1.399910323,,automatic,smi:org.gfz-potsdam.de/geofon/StdLoc_GridSearch+LeastSquares,scanloc@bedretto-dev2,8.59E-05,12,-4.33330003,MwA
-104.7084636,-59.16076527,-86.299232,88,2023-08-03T10:19:53.604972Z,46.51044364,8.476002336,-1.399080768,,automatic,smi:org.gfz-potsdam.de/geofon/StdLoc_GridSearch+LeastSquares,scanloc@bedretto-dev2,6.41E-05,13,-4.222275635,MwA
-95.95092556,-42.27517228,-93.69633,89,2023-08-03T10:19:58.033151Z,46.51059448,8.476119337,-1.39168367,,automatic,smi:org.gfz-potsdam.de/geofon/StdLoc_GridSearch+LeastSquares,scanloc@bedretto-dev2,0.0001774,13,-4.265886299,MwA
-103.2300292,-49.68664828,-97.362761,90,2023-08-03T10:20:03.646909Z,46.51052868,8.476023227,-1.388017239,,automatic,smi:org.gfz-potsdam.de/geofon/StdLoc_GridSearch+LeastSquares,scanloc@bedretto-dev2,4.85E-05,9,-4.53511689,MwA
-94.96046858,-49.79323582,-86.458323,91,2023-08-03T10:20:03.941850Z,46.51052674,8.476130947,-1.398921677,induced or triggered event,manual,smi:org.gfz-potsdam.de/geofon/StdLoc_GridSearch+LeastSquares,LinusVilliger,0.000268314,36,-3.119755846,MwA
-93.01079726,-45.12898781,-97.61513,92,2023-08-03T10:20:06.502123Z,46.51056846,8.476157149,-1.38776487,,automatic,smi:org.gfz-potsdam.de/geofon/StdLoc_GridSearch+LeastSquares,scanloc@bedretto-dev2,8.81E-05,11,-4.459332299,MwA
-106.2394238,-44.27875612,-101.813772,94,2023-08-03T10:20:20.303626Z,46.51057768,8.475984951,-1.383566228,,automatic,smi:org.gfz-potsdam.de/geofon/StdLoc_GridSearch+LeastSquares,scanloc@bedretto-dev2,0.000283541,8,-4.347712364,MwA
-92.42159169,-42.89333379,-93.748259,97,2023-08-03T10:20:27.982607Z,46.5105885,8.476165211,-1.391631741,,automatic,smi:org.gfz-potsdam.de/geofon/StdLoc_GridSearch+LeastSquares,scanloc@bedretto-dev2,6.72E-05,15,-4.30245617,MwA
-96.26454767,-45.8779906,-96.673533,98,2023-08-03T10:20:28.660139Z,46.51056211,8.47611463,-1.388706467,,automatic,smi:org.gfz-potsdam.de/geofon/StdLoc_GridSearch+LeastSquares,scanloc@bedretto-dev2,5.28E-05,8,-4.450928033,MwA
-105.1745311,-47.10410181,-101.265213,99,2023-08-03T10:20:34.540979Z,46.51055214,8.475998338,-1.384114787,,automatic,smi:org.gfz-potsdam.de/geofon/StdLoc_GridSearch+LeastSquares,scanloc@bedretto-dev2,8.95E-05,12,-4.193795809,MwA
-97.59010622,-43.06840375,-93.508355,100,2023-08-03T10:20:35.117417Z,46.51058754,8.476097845,-1.391871645,,automatic,smi:org.gfz-potsdam.de/geofon/StdLoc_GridSearch+LeastSquares,scanloc@bedretto-dev2,7.54E-05,13,-4.366860225,MwA
-96.77348737,-50.9122688,-87.024291,103,2023-08-03T10:20:53.929307Z,46.51051689,8.476107134,-1.398355709,,automatic,smi:org.gfz-potsdam.de/geofon/StdLoc_GridSearch+LeastSquares,scanloc@bedretto-dev2,0.00014743,18,-4.06296304,MwA
-89.89820543,-46.25554689,-80.507577,104,2023-08-03T10:20:56.312729Z,46.51055796,8.476197509,-1.404872423,,automatic,smi:org.gfz-potsdam.de/geofon/StdLoc_GridSearch+LeastSquares,scanloc@bedretto-dev2,6.03E-05,10,-4.284369873,MwA
-96.17616628,-45.95575047,-96.942061,107,2023-08-03T10:21:08.469885Z,46.5105614,8.476115768,-1.388437939,,automatic,smi:org.gfz-potsdam.de/geofon/StdLoc_GridSearch+LeastSquares,scanloc@bedretto-dev2,6.97E-05,12,-4.350787019,MwA
-94.76311856,-41.39786301,-93.588958,108,2023-08-03T10:21:33.577152Z,46.51060223,8.476134963,-1.391791042,,automatic,smi:org.gfz-potsdam.de/geofon/StdLoc_GridSearch+LeastSquares,scanloc@bedretto-dev2,0.000111419,14,-4.194032785,MwA
-97.27135455,-46.82402514,-98.299612,111,2023-08-03T10:21:39.875605Z,46.51055372,8.47610135,-1.387080388,,automatic,smi:org.gfz-potsdam.de/geofon/StdLoc_GridSearch+LeastSquares,scanloc@bedretto-dev2,0.000100818,8,-4.497307183,MwA
-84.7780212,-38.65099352,-93.715984,112,2023-08-03T10:21:54.017069Z,46.51062575,8.476265523,-1.391664016,,automatic,smi:org.gfz-potsdam.de/geofon/StdLoc_GridSearch+LeastSquares,scanloc@bedretto-dev2,0.000107875,16,-4.09977777,MwA
-85.14490206,-42.59934817,-88.118489,117,2023-08-03T10:22:32.150511Z,46.51059028,8.476260064,-1.397261511,,automatic,smi:org.gfz-potsdam.de/geofon/StdLoc_GridSearch+LeastSquares,scanloc@bedretto-dev2,7.46E-05,11,-4.437292707,MwA
-101.8899665,-41.26420976,-92.205603,125,2023-08-03T10:23:31.503133Z,46.51060428,8.476042137,-1.393174397,,automatic,smi:org.gfz-potsdam.de/geofon/StdLoc_GridSearch+LeastSquares,scanloc@bedretto-dev2,0.000117785,20,-3.836430171,MwA
-99.2691121,-47.87106332,-96.558375,126,2023-08-03T10:23:33.453969Z,46.51054454,8.476075143,-1.388821625,,automatic,smi:org.gfz-potsdam.de/geofon/StdLoc_GridSearch+LeastSquares,scanloc@bedretto-dev2,7.67E-05,13,-4.448230259,MwA
-94.00529087,-46.86326626,-91.292729,127,2023-08-03T10:23:34.696609Z,46.51055298,8.476143895,-1.394087271,,automatic,smi:org.gfz-potsdam.de/geofon/StdLoc_GridSearch+LeastSquares,scanloc@bedretto-dev2,0.000151873,13,-4.324876041,MwA
-93.07749386,-45.32664668,-97.746316,130,2023-08-03T10:23:54.866562Z,46.51056669,8.476156246,-1.387633684,,automatic,smi:org.gfz-potsdam.de/geofon/StdLoc_GridSearch+LeastSquares,scanloc@bedretto-dev2,9.13E-05,11,-4.480049504,MwA
-105.9388365,-60.32104831,-85.115176,131,2023-08-03T10:23:56.690605Z,46.51043335,8.475986107,-1.400264824,,automatic,smi:org.gfz-potsdam.de/geofon/StdLoc_GridSearch+LeastSquares,scanloc@bedretto-dev2,6.81E-05,10,-4.378860684,MwA
-93.48506771,-45.44876216,-98.077649,133,2023-08-03T10:24:10.833661Z,46.51056564,8.476150915,-1.387302351,,automatic,smi:org.gfz-potsdam.de/geofon/StdLoc_GridSearch+LeastSquares,scanloc@bedretto-dev2,6.90E-05,8,-4.479764504,MwA
-94.0327636,-45.45937185,-96.584276,138,2023-08-03T10:24:31.524559Z,46.51056561,8.476143778,-1.388795724,,automatic,smi:org.gfz-potsdam.de/geofon/StdLoc_GridSearch+LeastSquares,scanloc@bedretto-dev2,0.000175072,16,-4.16879264,MwA
-89.29692553,-43.17101347,-97.257256,142,2023-08-03T10:24:48.540943Z,46.51058563,8.476205871,-1.388122744,,automatic,smi:org.gfz-potsdam.de/geofon/StdLoc_GridSearch+LeastSquares,scanloc@bedretto-dev2,0.000219614,8,-4.378892008,MwA
-71.03774647,-10.81092834,-103.648363,143,2023-08-03T10:24:54.352115Z,46.51087453,8.476449328,-1.381731637,,automatic,smi:org.gfz-potsdam.de/geofon/StdLoc_GridSearch+LeastSquares,scanloc@bedretto-dev2,0.000266825,8,-3.955565831,MwA
-93.77281554,-49.968806,-84.095967,150,2023-08-03T10:26:04.277631Z,46.51052502,8.47614639,-1.401284033,,automatic,smi:org.gfz-potsdam.de/geofon/StdLoc_GridSearch+LeastSquares,scanloc@bedretto-dev2,9.98E-05,9,-4.543217315,MwA
-100.0884764,-57.36994129,-80.003214,156,2023-08-03T10:26:23.980554Z,46.5104592,8.476062835,-1.405376786,,automatic,smi:org.gfz-potsdam.de/geofon/StdLoc_GridSearch+LeastSquares,scanloc@bedretto-dev2,0.000154055,18,-4.030247811,MwA
-93.3058164,-41.47424167,-91.936125,159,2023-08-03T10:26:48.138495Z,46.51060137,8.476153936,-1.393443875,,automatic,smi:org.gfz-potsdam.de/geofon/StdLoc_GridSearch+LeastSquares,scanloc@bedretto-dev2,0.000115123,20,-3.993410498,MwA
-102.3527609,-55.34075289,-87.335832,168,2023-08-03T10:27:22.933190Z,46.51047772,8.476033684,-1.398044168,,automatic,smi:org.gfz-potsdam.de/geofon/StdLoc_GridSearch+LeastSquares,scanloc@bedretto-dev2,9.24E-05,10,-4.421667211,MwA
-87.99590629,-46.17136628,-85.246786,169,2023-08-03T10:27:24.424915Z,46.51055849,8.476222306,-1.400133214,,automatic,smi:org.gfz-potsdam.de/geofon/StdLoc_GridSearch+LeastSquares,scanloc@bedretto-dev2,0.000102566,22,-3.813349308,MwA
-107.1448206,-59.04171116,-89.222347,171,2023-08-03T10:27:33.001597Z,46.510445,8.475970615,-1.396157653,,automatic,smi:org.gfz-potsdam.de/geofon/StdLoc_GridSearch+LeastSquares,scanloc@bedretto-dev2,5.88E-05,12,-4.264098637,MwA
-105.3654422,-57.83975019,-88.410297,172,2023-08-03T10:27:49.321310Z,46.5104556,8.475994004,-1.396969703,,automatic,smi:org.gfz-potsdam.de/geofon/StdLoc_GridSearch+LeastSquares,scanloc@bedretto-dev2,7.80E-05,10,-4.435657038,MwA
-85.91732656,-46.37134798,-105.340927,174,2023-08-03T10:27:51.900006Z,46.51055644,8.476249348,-1.380039073,,automatic,smi:org.gfz-potsdam.de/geofon/StdLoc_GridSearch+LeastSquares,scanloc@bedretto-dev2,0.000121959,13,-4.346493339,MwA
-85.54217217,-41.77961241,-91.295792,176,2023-08-03T10:27:58.363258Z,46.5105977,8.476255029,-1.394084208,,automatic,smi:org.gfz-potsdam.de/geofon/StdLoc_GridSearch+LeastSquares,scanloc@bedretto-dev2,7.08E-05,9,-4.453260511,MwA
-96.37211431,-46.18732569,-98.585647,177,2023-08-03T10:28:16.749739Z,46.51055934,8.476113175,-1.386794353,,automatic,smi:org.gfz-potsdam.de/geofon/StdLoc_GridSearch+LeastSquares,scanloc@bedretto-dev2,0.000112379,8,-4.370745394,MwA
-88.38889214,-45.29011965,-102.412297,179,2023-08-03T10:28:26.379723Z,46.51056646,8.476217335,-1.382967703,,automatic,smi:org.gfz-potsdam.de/geofon/StdLoc_GridSearch+LeastSquares,scanloc@bedretto-dev2,8.54E-05,9,-4.548128843,MwA
-96.34366788,-45.98909003,-97.127581,180,2023-08-03T10:28:37.076137Z,46.51056112,8.47611358,-1.388252419,,automatic,smi:org.gfz-potsdam.de/geofon/StdLoc_GridSearch+LeastSquares,scanloc@bedretto-dev2,9.33E-05,8,-4.410347342,MwA
-95.11405448,-49.0487308,-111.499794,182,2023-08-03T10:28:50.112999Z,46.51053345,8.47612907,-1.373880206,,automatic,smi:org.gfz-potsdam.de/geofon/StdLoc_GridSearch+LeastSquares,scanloc@bedretto-dev2,5.10E-05,8,-4.694072331,MwA
-91.92620966,-45.77391459,-97.655431,183,2023-08-03T10:28:51.923056Z,46.51056253,8.476171168,-1.387724569,,automatic,smi:org.gfz-potsdam.de/geofon/StdLoc_GridSearch+LeastSquares,scanloc@bedretto-dev2,0.000139296,8,-4.453124357,MwA
-94.49870602,-49.52548605,-103.868817,185,2023-08-03T10:29:02.942512Z,46.51052909,8.476137006,-1.381511183,,automatic,smi:org.gfz-potsdam.de/geofon/StdLoc_GridSearch+LeastSquares,scanloc@bedretto-dev2,9.26E-05,9,-4.534464268,MwA
-96.06141892,-45.92530447,-98.003188,186,2023-08-03T10:29:13.597900Z,46.51056166,8.476117268,-1.387376812,,automatic,smi:org.gfz-potsdam.de/geofon/StdLoc_GridSearch+LeastSquares,scanloc@bedretto-dev2,9.78E-05,8,-4.4558042,MwA
-93.21355039,-50.60959155,-82.758769,189,2023-08-03T10:29:50.668233Z,46.51051919,8.476153566,-1.402621231,,automatic,smi:org.gfz-potsdam.de/geofon/StdLoc_GridSearch+LeastSquares,scanloc@bedretto-dev2,9.91E-05,19,-3.948914032,MwA
-97.44717361,-46.50841741,-97.007156,191,2023-08-03T10:30:11.531932Z,46.51055658,8.476099114,-1.388372844,,automatic,smi:org.gfz-potsdam.de/geofon/StdLoc_GridSearch+LeastSquares,scanloc@bedretto-dev2,5.38E-05,9,-4.375772817,MwA
-87.21587884,-47.14007229,-104.892105,192,2023-08-03T10:30:15.294083Z,46.51054968,8.476232298,-1.380487895,,automatic,smi:org.gfz-potsdam.de/geofon/StdLoc_GridSearch+LeastSquares,scanloc@bedretto-dev2,3.43E-05,8,-4.490192181,MwA
-96.53556316,-46.15727785,-97.135927,194,2023-08-03T10:30:22.192052Z,46.51055963,8.476111051,-1.388244073,,automatic,smi:org.gfz-potsdam.de/geofon/StdLoc_GridSearch+LeastSquares,scanloc@bedretto-dev2,6.20E-05,15,-4.079569723,MwA
-93.06951314,-46.30696409,-104.167117,196,2023-08-03T10:30:26.429197Z,46.51055787,8.47615618,-1.381212883,,automatic,smi:org.gfz-potsdam.de/geofon/StdLoc_GridSearch+LeastSquares,scanloc@bedretto-dev2,0.000252204,11,-4.532694601,MwA
-104.4909653,-46.82937331,-100.505265,197,2023-08-03T10:30:27.994117Z,46.51055453,8.476007291,-1.384874735,,automatic,smi:org.gfz-potsdam.de/geofon/StdLoc_GridSearch+LeastSquares,scanloc@bedretto-dev2,7.86E-05,10,-4.455870786,MwA
-95.42181195,-47.14991843,-91.686257,201,2023-08-03T10:30:47.619003Z,46.51055057,8.476125391,-1.393693743,,automatic,smi:org.gfz-potsdam.de/geofon/StdLoc_GridSearch+LeastSquares,scanloc@bedretto-dev2,0.000105587,14,-4.349982422,MwA
-90.17817099,-46.7750901,-81.008048,203,2023-08-03T10:31:00.665094Z,46.51055332,8.476193772,-1.404371952,,automatic,smi:org.gfz-potsdam.de/geofon/StdLoc_GridSearch+LeastSquares,scanloc@bedretto-dev2,7.49E-05,15,-4.188392882,MwA
-87.10049564,-43.31421254,-100.859641,206,2023-08-03T10:31:28.505391Z,46.51058408,8.476234461,-1.384520359,,automatic,smi:org.gfz-potsdam.de/geofon/StdLoc_GridSearch+LeastSquares,scanloc@bedretto-dev2,0.000119423,13,-4.344596057,MwA
-91.3134687,-47.59159803,-84.451712,210,2023-08-03T10:31:46.967957Z,46.51054611,8.47617884,-1.400928288,,automatic,smi:org.gfz-potsdam.de/geofon/StdLoc_GridSearch+LeastSquares,scanloc@bedretto-dev2,0.000103807,16,-4.27460134,MwA
-105.3749804,-53.97639906,-94.927428,211,2023-08-03T10:31:57.020992Z,46.51049035,8.475994544,-1.390452572,,automatic,smi:org.gfz-potsdam.de/geofon/StdLoc_GridSearch+LeastSquares,scanloc@bedretto-dev2,8.21E-05,8,-4.583104753,MwA
-81.12867448,-40.75955947,-92.473817,214,2023-08-03T10:32:16.266425Z,46.51060635,8.476312704,-1.392906183,,automatic,smi:org.gfz-potsdam.de/geofon/StdLoc_GridSearch+LeastSquares,scanloc@bedretto-dev2,0.000107161,13,-4.279092938,MwA
-96.43385656,-45.87911277,-96.882568,217,2023-08-03T10:32:20.579218Z,46.51056212,8.476112424,-1.388497432,,automatic,smi:org.gfz-potsdam.de/geofon/StdLoc_GridSearch+LeastSquares,scanloc@bedretto-dev2,4.45E-05,9,-4.459979447,MwA
-93.97676537,-46.39580626,-97.997948,219,2023-08-03T10:32:28.823126Z,46.51055718,8.476144346,-1.387382052,,automatic,smi:org.gfz-potsdam.de/geofon/StdLoc_GridSearch+LeastSquares,scanloc@bedretto-dev2,6.14E-05,12,-4.451594709,MwA
-84.33649626,-56.67718499,-69.002055,220,2023-08-03T10:32:30.735477Z,46.51046356,8.476268174,-1.416377945,,automatic,smi:org.gfz-potsdam.de/geofon/StdLoc_GridSearch+LeastSquares,scanloc@bedretto-dev2,0.000143164,8,-3.981982119,MwA
-82.2992922,-42.88087227,-84.44621,222,2023-08-03T10:32:37.656615Z,46.51058741,8.476297089,-1.40093379,,automatic,smi:org.gfz-potsdam.de/geofon/StdLoc_GridSearch+LeastSquares,scanloc@bedretto-dev2,0.000122742,8,-4.34031596,MwA
-97.85633667,-47.35006576,-87.820069,223,2023-08-03T10:32:37.908830Z,46.51054906,8.47609364,-1.397559931,,automatic,smi:org.gfz-potsdam.de/geofon/StdLoc_GridSearch+LeastSquares,scanloc@bedretto-dev2,0.000123216,16,-4.16365023,MwA
-93.24288914,-50.5265892,-83.166262,226,2023-08-03T10:32:55.712599Z,46.51051994,8.476153198,-1.402213738,,automatic,smi:org.gfz-potsdam.de/geofon/StdLoc_GridSearch+LeastSquares,scanloc@bedretto-dev2,0.000183236,20,-4.037710322,MwA
-103.9469947,-48.88676136,-97.855834,229,2023-08-03T10:33:03.110570Z,46.51053596,8.476014024,-1.387524166,,automatic,smi:org.gfz-potsdam.de/geofon/StdLoc_GridSearch+LeastSquares,scanloc@bedretto-dev2,0.000133053,8,-4.551880176,MwA
-91.73809285,-48.75407089,-106.006578,230,2023-08-03T10:33:03.186155Z,46.5105357,8.476173104,-1.379373422,,automatic,smi:org.gfz-potsdam.de/geofon/StdLoc_GridSearch+LeastSquares,scanloc@bedretto-dev2,8.20E-05,8,-4.622991061,MwA
-91.02142343,-48.88021618,-106.565272,231,2023-08-03T10:33:03.262468Z,46.51053448,8.476182419,-1.378814728,,automatic,smi:org.gfz-potsdam.de/geofon/StdLoc_GridSearch+LeastSquares,scanloc@bedretto-dev2,0.000115348,12,-4.363835025,MwA
-87.75861728,-43.62526688,-102.869091,235,2023-08-03T10:33:23.453822Z,46.51058136,8.476225833,-1.382510909,,automatic,smi:org.gfz-potsdam.de/geofon/StdLoc_GridSearch+LeastSquares,scanloc@bedretto-dev2,0.000136747,10,-4.460391214,MwA
-102.0254018,-58.68516874,-80.497991,237,2023-08-03T10:33:26.369280Z,46.5104476,8.476037374,-1.404882009,,automatic,smi:org.gfz-potsdam.de/geofon/StdLoc_GridSearch+LeastSquares,scanloc@bedretto-dev2,8.37E-05,11,-4.398494086,MwA
-101.9971857,-59.37408855,-80.162852,238,2023-08-03T10:33:26.489026Z,46.5104414,8.476037623,-1.405217148,,automatic,smi:org.gfz-potsdam.de/geofon/StdLoc_GridSearch+LeastSquares,scanloc@bedretto-dev2,0.000120518,12,-4.228650757,MwA
-91.50623059,-46.83809475,-87.247128,239,2023-08-03T10:33:27.145380Z,46.51055291,8.476176458,-1.398132872,,automatic,smi:org.gfz-potsdam.de/geofon/StdLoc_GridSearch+LeastSquares,scanloc@bedretto-dev2,0.000152382,22,-3.898291393,MwA
-95.94018818,-49.23584215,-87.321844,242,2023-08-03T10:33:44.599462Z,46.51053187,8.476118279,-1.398058156,,automatic,smi:org.gfz-potsdam.de/geofon/StdLoc_GridSearch+LeastSquares,scanloc@bedretto-dev2,6.52E-05,10,-4.390070513,MwA
-50.46330845,-25.80021331,-84.181903,250,2023-08-03T10:34:39.297089Z,46.51073726,8.476714795,-1.401198097,,automatic,smi:org.gfz-potsdam.de/geofon/StdLoc_GridSearch+LeastSquares,scanloc@bedretto-dev2,0.000177283,22,-3.459806384,MwA
-95.80391969,-45.94761329,-91.498851,251,2023-08-03T10:34:41.179007Z,46.51056143,8.47612062,-1.393881149,,automatic,smi:org.gfz-potsdam.de/geofon/StdLoc_GridSearch+LeastSquares,scanloc@bedretto-dev2,4.03E-05,8,-4.602287257,MwA
-92.28822914,-44.71803166,-100.354051,257,2023-08-03T10:35:05.710394Z,46.51057207,8.476166633,-1.385025949,,automatic,smi:org.gfz-potsdam.de/geofon/StdLoc_GridSearch+LeastSquares,scanloc@bedretto-dev2,0.000248417,8,-4.333384484,MwA
-93.31217,-45.23975047,-95.350266,259,2023-08-03T10:35:08.571038Z,46.5105675,8.476153204,-1.390029734,,automatic,smi:org.gfz-potsdam.de/geofon/StdLoc_GridSearch+LeastSquares,scanloc@bedretto-dev2,4.73E-05,9,-4.497550207,MwA
-103.6015859,-41.40687071,-93.863892,262,2023-08-03T10:35:26.103568Z,46.5106032,8.476019813,-1.391516108,,automatic,smi:org.gfz-potsdam.de/geofon/StdLoc_GridSearch+LeastSquares,scanloc@bedretto-dev2,0.000119349,9,-4.236146265,MwA
-92.12078273,-47.60335607,-85.734487,263,2023-08-03T10:35:27.552682Z,46.5105461,8.47616832,-1.399645513,,automatic,smi:org.gfz-potsdam.de/geofon/StdLoc_GridSearch+LeastSquares,scanloc@bedretto-dev2,0.000105801,17,-4.169610645,MwA
-101.1076376,-49.30399276,-94.996065,265,2023-08-03T10:35:32.361240Z,46.51053187,8.476050944,-1.390383935,,automatic,smi:org.gfz-potsdam.de/geofon/StdLoc_GridSearch+LeastSquares,scanloc@bedretto-dev2,7.35E-05,10,-4.528936473,MwA
-97.22550034,-45.53938897,-96.380183,266,2023-08-03T10:35:32.732473Z,46.51056527,8.476102169,-1.388999817,,automatic,smi:org.gfz-potsdam.de/geofon/StdLoc_GridSearch+LeastSquares,scanloc@bedretto-dev2,5.42E-05,14,-4.259747729,MwA
-70.71684569,-32.32731622,-82.244323,268,2023-08-03T10:35:41.873891Z,46.51068096,8.476449805,-1.403135677,,automatic,smi:org.gfz-potsdam.de/geofon/StdLoc_GridSearch+LeastSquares,scanloc@bedretto-dev2,0.000212883,13,-4.1562647,MwA
-90.90366684,-43.61588785,-94.886854,269,2023-08-03T10:35:52.949071Z,46.51058182,8.476184862,-1.390493146,,automatic,smi:org.gfz-potsdam.de/geofon/StdLoc_GridSearch+LeastSquares,scanloc@bedretto-dev2,6.38E-05,9,-4.509275649,MwA
-89.80072646,-44.53178467,-97.385988,270,2023-08-03T10:36:09.608144Z,46.51057345,8.476199073,-1.387994012,,automatic,smi:org.gfz-potsdam.de/geofon/StdLoc_GridSearch+LeastSquares,scanloc@bedretto-dev2,6.45E-05,8,-4.395187249,MwA
-88.71186907,-46.79298777,-104.348492,275,2023-08-03T10:36:27.571187Z,46.51055298,8.476212868,-1.381031508,,automatic,smi:org.gfz-potsdam.de/geofon/StdLoc_GridSearch+LeastSquares,scanloc@bedretto-dev2,7.35E-05,8,-4.597690727,MwA
-97.22909162,-49.35925297,-103.613747,276,2023-08-03T10:36:34.668617Z,46.51053091,8.476101463,-1.381766253,,automatic,smi:org.gfz-potsdam.de/geofon/StdLoc_GridSearch+LeastSquares,scanloc@bedretto-dev2,0.000140912,10,-4.467018992,MwA
-105.492382,-48.76481428,-101.18047,281,2023-08-03T10:36:44.653130Z,46.51053724,8.475993911,-1.38419953,,automatic,smi:org.gfz-potsdam.de/geofon/StdLoc_GridSearch+LeastSquares,scanloc@bedretto-dev2,0.000170026,8,-4.525479556,MwA
-102.0080007,-49.18691206,-95.948737,287,2023-08-03T10:37:00.434234Z,46.51053303,8.476039234,-1.389431263,,automatic,smi:org.gfz-potsdam.de/geofon/StdLoc_GridSearch+LeastSquares,scanloc@bedretto-dev2,5.51E-05,9,-4.509146143,MwA
-101.1760457,-53.54192849,-88.215052,289,2023-08-03T10:37:18.529182Z,46.51049376,8.476049324,-1.397164948,,automatic,smi:org.gfz-potsdam.de/geofon/StdLoc_GridSearch+LeastSquares,scanloc@bedretto-dev2,6.99E-05,8,-4.515203803,MwA
-99.66883797,-49.53297348,-91.251265,290,2023-08-03T10:37:19.378730Z,46.51052964,8.47606965,-1.394128735,,automatic,smi:org.gfz-potsdam.de/geofon/StdLoc_GridSearch+LeastSquares,scanloc@bedretto-dev2,3.87E-05,8,-4.523308497,MwA
-96.76755183,-46.6606422,-96.714222,292,2023-08-03T10:37:22.655722Z,46.51055513,8.476107942,-1.388665778,,automatic,smi:org.gfz-potsdam.de/geofon/StdLoc_GridSearch+LeastSquares,scanloc@bedretto-dev2,0.000105759,15,-4.059325578,MwA
-94.21774236,-49.16863203,-85.796866,296,2023-08-03T10:37:39.613771Z,46.51053227,8.476140731,-1.399583134,,automatic,smi:org.gfz-potsdam.de/geofon/StdLoc_GridSearch+LeastSquares,scanloc@bedretto-dev2,0.000114124,18,-4.022366491,MwA
-95.54138134,-45.26473474,-97.301311,299,2023-08-03T10:37:51.137656Z,46.51056754,8.476124157,-1.388078689,,automatic,smi:org.gfz-potsdam.de/geofon/StdLoc_GridSearch+LeastSquares,scanloc@bedretto-dev2,0.000150018,8,-4.504396459,MwA
-104.754581,-59.02467831,-84.084837,300,2023-08-03T10:38:00.422963Z,46.51044487,8.476001759,-1.401295163,,automatic,smi:org.gfz-potsdam.de/geofon/StdLoc_GridSearch+LeastSquares,scanloc@bedretto-dev2,9.07E-05,13,-4.143449197,MwA
-90.63926535,-47.15415738,-107.271572,301,2023-08-03T10:38:04.041706Z,46.51054996,8.476187695,-1.378108428,,automatic,smi:org.gfz-potsdam.de/geofon/StdLoc_GridSearch+LeastSquares,scanloc@bedretto-dev2,0.000197622,19,-3.762481198,MwA
-90.22050593,-47.5010615,-106.53716,302,2023-08-03T10:38:04.074068Z,46.51054679,8.476193091,-1.37884284,,automatic,smi:org.gfz-potsdam.de/geofon/StdLoc_GridSearch+LeastSquares,scanloc@bedretto-dev2,0.00010624,10,-4.107241311,MwA
-88.04897083,-47.91814897,-107.041328,304,2023-08-03T10:38:06.971636Z,46.51054278,8.47622131,-1.378338672,,automatic,smi:org.gfz-potsdam.de/geofon/StdLoc_GridSearch+LeastSquares,scanloc@bedretto-dev2,0.000113942,8,-4.335372124,MwA
-90.34370168,-48.02966852,-106.164886,305,2023-08-03T10:38:08.953942Z,46.51054205,8.476191395,-1.379215114,,automatic,smi:org.gfz-potsdam.de/geofon/StdLoc_GridSearch+LeastSquares,scanloc@bedretto-dev2,3.93E-05,8,-4.442830592,MwA
-96.8173248,-46.53010885,-96.933637,307,2023-08-03T10:38:16.018300Z,46.51055631,8.476107316,-1.388446363,,automatic,smi:org.gfz-potsdam.de/geofon/StdLoc_GridSearch+LeastSquares,scanloc@bedretto-dev2,0.000110556,15,-4.106329267,MwA
-96.4632933,-46.09072891,-97.141656,308,2023-08-03T10:38:25.146431Z,46.51056022,8.476112004,-1.388238344,,automatic,smi:org.gfz-potsdam.de/geofon/StdLoc_GridSearch+LeastSquares,scanloc@bedretto-dev2,6.96E-05,14,-4.074386876,MwA
-96.93360104,-49.31743458,-108.707998,309,2023-08-03T10:38:30.357075Z,46.51053125,8.476105319,-1.376672002,,automatic,smi:org.gfz-potsdam.de/geofon/StdLoc_GridSearch+LeastSquares,scanloc@bedretto-dev2,0.00011609,14,-4.229376028,MwA
-94.62072903,-49.17838452,-86.829606,311,2023-08-03T10:38:39.732104Z,46.51053223,8.476135479,-1.398550394,,automatic,smi:org.gfz-potsdam.de/geofon/StdLoc_GridSearch+LeastSquares,scanloc@bedretto-dev2,0.000131102,17,-4.203597973,MwA
-101.1475401,-50.3862879,-93.445557,312,2023-08-03T10:38:40.684202Z,46.51052214,8.476050238,-1.391934443,,automatic,smi:org.gfz-potsdam.de/geofon/StdLoc_GridSearch+LeastSquares,scanloc@bedretto-dev2,8.11E-05,15,-4.052498741,MwA
-93.65959987,-50.6076863,-83.697289,314,2023-08-03T10:38:46.581317Z,46.51051926,8.476147755,-1.401682711,,automatic,smi:org.gfz-potsdam.de/geofon/StdLoc_GridSearch+LeastSquares,scanloc@bedretto-dev2,0.000214673,12,-4.336047723,MwA
-96.60773041,-46.41171474,-96.974153,316,2023-08-03T10:38:49.933330Z,46.51055735,8.476110067,-1.388405847,,automatic,smi:org.gfz-potsdam.de/geofon/StdLoc_GridSearch+LeastSquares,scanloc@bedretto-dev2,0.000106482,14,-4.102770527,MwA
-87.61014561,-45.51213606,-104.332198,317,2023-08-03T10:38:58.841112Z,46.51056437,8.476227442,-1.381047802,,automatic,smi:org.gfz-potsdam.de/geofon/StdLoc_GridSearch+LeastSquares,scanloc@bedretto-dev2,0.000162179,8,-4.392274541,MwA
-109.7179417,-54.15361497,-106.991412,318,2023-08-03T10:39:04.164800Z,46.51048927,8.475937931,-1.378388588,,automatic,smi:org.gfz-potsdam.de/geofon/StdLoc_GridSearch+LeastSquares,scanloc@bedretto-dev2,9.32E-05,14,-4.032046302,MwA
-89.51704866,-44.992697,-99.592534,319,2023-08-03T10:39:07.196326Z,46.51056927,8.476202689,-1.385787466,,automatic,smi:org.gfz-potsdam.de/geofon/StdLoc_GridSearch+LeastSquares,scanloc@bedretto-dev2,0.000114146,9,-4.398419733,MwA
-95.60659524,-47.48591857,-90.24215,320,2023-08-03T10:39:18.000896Z,46.51054757,8.476122926,-1.39513785,,automatic,smi:org.gfz-potsdam.de/geofon/StdLoc_GridSearch+LeastSquares,scanloc@bedretto-dev2,9.52E-05,9,-4.529350715,MwA
-94.48679769,-48.76272743,-101.147786,322,2023-08-03T10:39:22.833444Z,46.51053595,8.476137293,-1.384232214,,automatic,smi:org.gfz-potsdam.de/geofon/StdLoc_GridSearch+LeastSquares,scanloc@bedretto-dev2,7.89E-05,9,-4.577260572,MwA
-107.6324612,-53.0320911,-106.641642,326,2023-08-03T10:39:36.978198Z,46.51049911,8.475965294,-1.378738358,,automatic,smi:org.gfz-potsdam.de/geofon/StdLoc_GridSearch+LeastSquares,scanloc@bedretto-dev2,8.99E-05,10,-4.302408275,MwA
-97.65857009,-46.38784936,-95.127652,327,2023-08-03T10:39:37.305698Z,46.51055769,8.476096381,-1.390252348,,automatic,smi:org.gfz-potsdam.de/geofon/StdLoc_GridSearch+LeastSquares,scanloc@bedretto-dev2,5.00E-05,12,-4.323712441,MwA
-89.90550322,-43.77276952,-95.705405,328,2023-08-03T10:39:45.029692Z,46.51058029,8.476197839,-1.389674595,,automatic,smi:org.gfz-potsdam.de/geofon/StdLoc_GridSearch+LeastSquares,scanloc@bedretto-dev2,7.87E-05,14,-4.240691806,MwA
-103.1492855,-52.27937514,-93.735132,330,2023-08-03T10:39:45.821059Z,46.51050535,8.476023833,-1.391644868,,automatic,smi:org.gfz-potsdam.de/geofon/StdLoc_GridSearch+LeastSquares,scanloc@bedretto-dev2,0.000116466,10,-4.542334008,MwA
-88.63631226,-46.12829059,-103.570828,338,2023-08-03T10:40:13.022266Z,46.51055895,8.476213967,-1.381809172,,automatic,smi:org.gfz-potsdam.de/geofon/StdLoc_GridSearch+LeastSquares,scanloc@bedretto-dev2,0.000108873,9,-4.524085338,MwA
-102.435921,-49.58054205,-97.237247,341,2023-08-03T10:40:28.539442Z,46.51052954,8.476033591,-1.388142753,,automatic,smi:org.gfz-potsdam.de/geofon/StdLoc_GridSearch+LeastSquares,scanloc@bedretto-dev2,7.51E-05,12,-4.43210442,MwA
-97.35330661,-46.56951312,-93.429168,345,2023-08-03T10:40:35.615911Z,46.51055602,8.476100327,-1.391950832,,automatic,smi:org.gfz-potsdam.de/geofon/StdLoc_GridSearch+LeastSquares,scanloc@bedretto-dev2,0.000152994,15,-4.066608115,MwA
-89.10506197,-47.74534868,-106.614503,349,2023-08-03T10:40:41.268929Z,46.51054446,8.476207581,-1.378765497,,automatic,smi:org.gfz-potsdam.de/geofon/StdLoc_GridSearch+LeastSquares,scanloc@bedretto-dev2,9.74E-05,10,-4.463068025,MwA
-96.4628751,-46.15188054,-96.647895,350,2023-08-03T10:40:43.219684Z,46.51055967,8.476111999,-1.388732105,,automatic,smi:org.gfz-potsdam.de/geofon/StdLoc_GridSearch+LeastSquares,scanloc@bedretto-dev2,6.52E-05,9,-4.398303458,MwA
-71.86404861,-33.65770563,-81.533931,352,2023-08-03T10:41:05.087327Z,46.51066913,8.47643463,-1.403846069,,automatic,smi:org.gfz-potsdam.de/geofon/StdLoc_GridSearch+LeastSquares,scanloc@bedretto-dev2,0.000136707,10,-4.287099377,MwA
-88.90819202,-43.64392772,-97.188988,355,2023-08-03T10:41:08.216586Z,46.51058133,8.476210854,-1.388191012,,automatic,smi:org.gfz-potsdam.de/geofon/StdLoc_GridSearch+LeastSquares,scanloc@bedretto-dev2,4.90E-05,8,-4.41796729,MwA
-90.18113066,-43.74416972,-95.865311,356,2023-08-03T10:41:14.164039Z,46.51058058,8.476194253,-1.389514689,,automatic,smi:org.gfz-potsdam.de/geofon/StdLoc_GridSearch+LeastSquares,scanloc@bedretto-dev2,6.72E-05,16,-4.142837449,MwA
-89.66251601,-44.90596391,-86.705715,365,2023-08-03T10:41:34.519462Z,46.51057007,8.476200811,-1.398674285,,automatic,smi:org.gfz-potsdam.de/geofon/StdLoc_GridSearch+LeastSquares,scanloc@bedretto-dev2,0.000161112,14,-4.13942867,MwA
-84.16532055,-43.01889122,-86.963048,367,2023-08-03T10:41:37.370090Z,46.51058639,8.476272754,-1.398416952,,automatic,smi:org.gfz-potsdam.de/geofon/StdLoc_GridSearch+LeastSquares,scanloc@bedretto-dev2,9.25E-05,9,-4.368148709,MwA
-92.45819936,-46.86701475,-102.856168,368,2023-08-03T10:41:38.331482Z,46.51055276,8.476164048,-1.382523832,,automatic,smi:org.gfz-potsdam.de/geofon/StdLoc_GridSearch+LeastSquares,scanloc@bedretto-dev2,0.000188091,14,-4.411820027,MwA
-83.46425891,-42.84401805,-84.770567,369,2023-08-03T10:41:40.181683Z,46.51058788,8.476281918,-1.400609433,,automatic,smi:org.gfz-potsdam.de/geofon/StdLoc_GridSearch+LeastSquares,scanloc@bedretto-dev2,9.84E-05,8,-4.295616232,MwA
-99.628835,-48.40280027,-96.049212,370,2023-08-03T10:41:50.564533Z,46.5105398,8.476070365,-1.389330788,,automatic,smi:org.gfz-potsdam.de/geofon/StdLoc_GridSearch+LeastSquares,scanloc@bedretto-dev2,5.55E-05,14,-4.250375798,MwA
-94.73954065,-50.62082963,-84.774994,371,2023-08-03T10:41:54.295512Z,46.51051927,8.476133683,-1.400605006,,automatic,smi:org.gfz-potsdam.de/geofon/StdLoc_GridSearch+LeastSquares,scanloc@bedretto-dev2,0.000108204,13,-4.307226854,MwA
-102.7139627,-49.13729469,-97.209911,373,2023-08-03T10:42:00.507130Z,46.51053356,8.476030045,-1.388170089,,automatic,smi:org.gfz-potsdam.de/geofon/StdLoc_GridSearch+LeastSquares,scanloc@bedretto-dev2,9.30E-05,9,-4.440870238,MwA
-96.32036303,-46.27116273,-97.30357,375,2023-08-03T10:42:07.884477Z,46.51055858,8.476113835,-1.38807643,,automatic,smi:org.gfz-potsdam.de/geofon/StdLoc_GridSearch+LeastSquares,scanloc@bedretto-dev2,0.000151622,14,-4.338018961,MwA
-94.89202133,-46.39694701,-90.865051,376,2023-08-03T10:42:13.483529Z,46.51055728,8.476132423,-1.394514949,,automatic,smi:org.gfz-potsdam.de/geofon/StdLoc_GridSearch+LeastSquares,scanloc@bedretto-dev2,0.000145751,11,-4.435908609,MwA
-96.62291159,-46.35522267,-96.67846,379,2023-08-03T10:42:17.366042Z,46.51055786,8.476109879,-1.38870154,,automatic,smi:org.gfz-potsdam.de/geofon/StdLoc_GridSearch+LeastSquares,scanloc@bedretto-dev2,8.24E-05,14,-4.165712252,MwA
-105.300385,-57.71207934,-91.647535,380,2023-08-03T10:42:17.532635Z,46.51045674,8.475994873,-1.393732465,,automatic,smi:org.gfz-potsdam.de/geofon/StdLoc_GridSearch+LeastSquares,scanloc@bedretto-dev2,9.53E-05,10,-4.403340053,MwA
-89.78766628,-44.93850179,-97.885146,382,2023-08-03T10:42:27.693213Z,46.51056979,8.476199173,-1.387494854,,automatic,smi:org.gfz-potsdam.de/geofon/StdLoc_GridSearch+LeastSquares,scanloc@bedretto-dev2,9.47E-05,13,-4.225697162,MwA
-88.63063028,-45.3358517,-89.272815,383,2023-08-03T10:42:37.079292Z,46.51056608,8.47621418,-1.396107185,,automatic,smi:org.gfz-potsdam.de/geofon/StdLoc_GridSearch+LeastSquares,scanloc@bedretto-dev2,0.000169999,12,-4.346746995,MwA
-92.62952477,-48.53572961,-105.80356,384,2023-08-03T10:42:37.809289Z,46.51053777,8.476161528,-1.37957644,,automatic,smi:org.gfz-potsdam.de/geofon/StdLoc_GridSearch+LeastSquares,scanloc@bedretto-dev2,6.81E-05,11,-4.606022193,MwA
-95.00058714,-47.2208644,-100.574445,385,2023-08-03T10:42:39.511264Z,46.51054988,8.476130865,-1.384805555,,automatic,smi:org.gfz-potsdam.de/geofon/StdLoc_GridSearch+LeastSquares,scanloc@bedretto-dev2,4.91E-05,8,-4.559967534,MwA
-94.82999034,-47.35757767,-100.574161,386,2023-08-03T10:42:40.762843Z,46.51054863,8.476133064,-1.384805839,,automatic,smi:org.gfz-potsdam.de/geofon/StdLoc_GridSearch+LeastSquares,scanloc@bedretto-dev2,4.99E-05,8,-4.586793081,MwA
-98.61531867,-48.19812487,-98.52901,387,2023-08-03T10:42:44.039083Z,46.51054152,8.476083604,-1.38685099,,automatic,smi:org.gfz-potsdam.de/geofon/StdLoc_GridSearch+LeastSquares,scanloc@bedretto-dev2,0.000148498,10,-4.529334334,MwA
-89.38731606,-43.62466114,-98.626163,388,2023-08-03T10:42:44.775501Z,46.51058156,8.476204615,-1.386753837,,automatic,smi:org.gfz-potsdam.de/geofon/StdLoc_GridSearch+LeastSquares,scanloc@bedretto-dev2,6.93E-05,13,-4.263996663,MwA
-95.12457008,-47.03350435,-100.651331,389,2023-08-03T10:42:49.502177Z,46.51055158,8.476129282,-1.384728669,,automatic,smi:org.gfz-potsdam.de/geofon/StdLoc_GridSearch+LeastSquares,scanloc@bedretto-dev2,4.50E-05,9,-4.523548308,MwA
-97.69705411,-48.13369067,-100.409534,390,2023-08-03T10:42:50.373985Z,46.51054199,8.476095578,-1.384970466,,automatic,smi:org.gfz-potsdam.de/geofon/StdLoc_GridSearch+LeastSquares,scanloc@bedretto-dev2,7.26E-05,8,-4.545891275,MwA
-94.85286663,-47.10659921,-101.721821,393,2023-08-03T10:42:57.117303Z,46.51055089,8.476132809,-1.383658179,,automatic,smi:org.gfz-potsdam.de/geofon/StdLoc_GridSearch+LeastSquares,scanloc@bedretto-dev2,0.000158256,11,-4.328835018,MwA
-103.6078228,-52.02263463,-113.250649,395,2023-08-03T10:43:13.458497Z,46.51050771,8.4760179,-1.372129351,,automatic,smi:org.gfz-potsdam.de/geofon/StdLoc_GridSearch+LeastSquares,scanloc@bedretto-dev2,0.000106331,16,-4.088262054,MwA
-101.1500602,-49.0321573,-95.786096,396,2023-08-03T10:43:14.014989Z,46.51053432,8.476050438,-1.389593904,,automatic,smi:org.gfz-potsdam.de/geofon/StdLoc_GridSearch+LeastSquares,scanloc@bedretto-dev2,0.000108894,18,-3.839325107,MwA
-89.70868896,-43.62785306,-96.158483,400,2023-08-03T10:43:22.978154Z,46.51058157,8.476200428,-1.389221517,,automatic,smi:org.gfz-potsdam.de/geofon/StdLoc_GridSearch+LeastSquares,scanloc@bedretto-dev2,0.000162198,13,-4.095283692,MwA
-84.98570067,-42.80291422,-88.239944,401,2023-08-03T10:43:23.191859Z,46.51058843,8.476262103,-1.397140056,,automatic,smi:org.gfz-potsdam.de/geofon/StdLoc_GridSearch+LeastSquares,scanloc@bedretto-dev2,0.000123522,20,-4.112252258,MwA
-89.22568645,-44.01831857,-98.111408,403,2023-08-03T10:43:27.496092Z,46.510578,8.476206653,-1.387268592,,automatic,smi:org.gfz-potsdam.de/geofon/StdLoc_GridSearch+LeastSquares,scanloc@bedretto-dev2,9.19E-05,16,-4.002120913,MwA
-89.15855766,-43.92293319,-98.062981,404,2023-08-03T10:43:32.281201Z,46.51057885,8.476207544,-1.387317019,,automatic,smi:org.gfz-potsdam.de/geofon/StdLoc_GridSearch+LeastSquares,scanloc@bedretto-dev2,7.54E-05,16,-3.9481819,MwA
-94.52688226,-47.40915338,-100.76571,406,2023-08-03T10:43:40.879048Z,46.51054813,8.476137004,-1.38461429,,automatic,smi:org.gfz-potsdam.de/geofon/StdLoc_GridSearch+LeastSquares,scanloc@bedretto-dev2,7.25E-05,8,-4.696330612,MwA
-89.54864816,-43.73801754,-96.440199,407,2023-08-03T10:43:42.860551Z,46.51058056,8.476202494,-1.388939801,,automatic,smi:org.gfz-potsdam.de/geofon/StdLoc_GridSearch+LeastSquares,scanloc@bedretto-dev2,0.000183092,14,-4.229490068,MwA
-98.42997148,-48.72613651,-91.391536,408,2023-08-03T10:43:44.768459Z,46.51053675,8.476085929,-1.393988464,,automatic,smi:org.gfz-potsdam.de/geofon/StdLoc_GridSearch+LeastSquares,scanloc@bedretto-dev2,8.69E-05,15,-4.217929553,MwA
-90.09510049,-43.52846857,-95.670594,409,2023-08-03T10:43:47.776490Z,46.51058251,8.476195411,-1.389709406,,automatic,smi:org.gfz-potsdam.de/geofon/StdLoc_GridSearch+LeastSquares,scanloc@bedretto-dev2,8.49E-05,18,-3.873024501,MwA
-106.0150644,-53.88256682,-95.519541,410,2023-08-03T10:43:50.350278Z,46.51049127,8.475986221,-1.389860459,,automatic,smi:org.gfz-potsdam.de/geofon/StdLoc_GridSearch+LeastSquares,scanloc@bedretto-dev2,7.52E-05,9,-4.413385353,MwA
-98.6073312,-47.81785657,-95.980508,411,2023-08-03T10:43:51.529239Z,46.51054494,8.476083774,-1.389399492,,automatic,smi:org.gfz-potsdam.de/geofon/StdLoc_GridSearch+LeastSquares,scanloc@bedretto-dev2,0.000120183,21,-3.871998337,MwA
-96.62177892,-52.88048397,-77.996376,412,2023-08-03T10:43:58.566535Z,46.51049917,8.476108773,-1.407383624,,automatic,smi:org.gfz-potsdam.de/geofon/StdLoc_GridSearch+LeastSquares,scanloc@bedretto-dev2,9.25E-05,9,-4.436633572,MwA
-91.97764999,-47.07853841,-104.019173,414,2023-08-03T10:44:04.512372Z,46.5105508,8.476170272,-1.381360827,,automatic,smi:org.gfz-potsdam.de/geofon/StdLoc_GridSearch+LeastSquares,scanloc@bedretto-dev2,9.88E-05,14,-4.218183732,MwA
-95.89679473,-45.4329026,-95.421026,415,2023-08-03T10:44:05.028212Z,46.51056607,8.476119498,-1.389958974,,automatic,smi:org.gfz-potsdam.de/geofon/StdLoc_GridSearch+LeastSquares,scanloc@bedretto-dev2,0.000172001,15,-4.268838498,MwA
-89.88203201,-45.16650612,-99.730149,418,2023-08-03T10:44:14.759993Z,46.51056775,8.476197904,-1.385649851,,automatic,smi:org.gfz-potsdam.de/geofon/StdLoc_GridSearch+LeastSquares,scanloc@bedretto-dev2,0.000109627,16,-4.079273201,MwA
-104.4713067,-53.52647184,-92.69213,421,2023-08-03T10:44:20.140327Z,46.51049429,8.476006395,-1.39268787,,automatic,smi:org.gfz-potsdam.de/geofon/StdLoc_GridSearch+LeastSquares,scanloc@bedretto-dev2,9.35E-05,13,-4.479976583,MwA
-90.88333602,-45.99689818,-99.024773,428,2023-08-03T10:44:46.933833Z,46.5105604,8.476184716,-1.386355227,,automatic,smi:org.gfz-potsdam.de/geofon/StdLoc_GridSearch+LeastSquares,scanloc@bedretto-dev2,0.000113575,14,-4.282165729,MwA
-90.93207514,-45.93861177,-99.391596,429,2023-08-03T10:44:47.109770Z,46.51056093,8.476184091,-1.385988404,,automatic,smi:org.gfz-potsdam.de/geofon/StdLoc_GridSearch+LeastSquares,scanloc@bedretto-dev2,7.52E-05,11,-4.210517894,MwA
-92.12454834,-47.35627755,-100.263113,430,2023-08-03T10:44:49.187664Z,46.51054832,8.476168311,-1.385116887,,automatic,smi:org.gfz-potsdam.de/geofon/StdLoc_GridSearch+LeastSquares,scanloc@bedretto-dev2,6.45E-05,9,-4.173269246,MwA
-87.98624191,-40.39216833,-93.861455,431,2023-08-03T10:44:56.086130Z,46.51061047,8.476223426,-1.391518545,,automatic,smi:org.gfz-potsdam.de/geofon/StdLoc_GridSearch+LeastSquares,scanloc@bedretto-dev2,7.92E-05,18,-4.068260364,MwA
-103.8712236,-49.78069526,-98.935409,432,2023-08-03T10:44:58.064696Z,46.51052791,8.476014857,-1.386444591,,automatic,smi:org.gfz-potsdam.de/geofon/StdLoc_GridSearch+LeastSquares,scanloc@bedretto-dev2,5.80E-05,8,-4.595848833,MwA
-92.19753846,-47.35270705,-104.289888,434,2023-08-03T10:44:59.908776Z,46.51054836,8.47616736,-1.381090112,,automatic,smi:org.gfz-potsdam.de/geofon/StdLoc_GridSearch+LeastSquares,scanloc@bedretto-dev2,7.24E-05,10,-4.474720817,MwA
-85.27327201,-43.36371915,-87.5526,439,2023-08-03T10:45:03.691190Z,46.51058342,8.47625826,-1.3978274,,automatic,smi:org.gfz-potsdam.de/geofon/StdLoc_GridSearch+LeastSquares,scanloc@bedretto-dev2,9.19E-05,15,-4.220207684,MwA
-86.86829242,-45.11767587,-103.645665,440,2023-08-03T10:45:04.776424Z,46.51056783,8.476237175,-1.381734335,,automatic,smi:org.gfz-potsdam.de/geofon/StdLoc_GridSearch+LeastSquares,scanloc@bedretto-dev2,5.34E-05,8,-4.450462282,MwA
-94.12272452,-46.79593344,-89.336263,444,2023-08-03T10:45:13.192908Z,46.5105536,8.476142377,-1.396043737,,automatic,smi:org.gfz-potsdam.de/geofon/StdLoc_GridSearch+LeastSquares,scanloc@bedretto-dev2,6.29E-05,9,-4.45462175,MwA
-91.25018055,-42.16298112,-94.122424,447,2023-08-03T10:45:23.376364Z,46.51059493,8.476180598,-1.391257576,,automatic,smi:org.gfz-potsdam.de/geofon/StdLoc_GridSearch+LeastSquares,scanloc@bedretto-dev2,0.000106035,18,-3.989100179,MwA
-94.53438347,-45.14583781,-95.773339,448,2023-08-03T10:45:28.477198Z,46.51056849,8.476137297,-1.389606661,,automatic,smi:org.gfz-potsdam.de/geofon/StdLoc_GridSearch+LeastSquares,scanloc@bedretto-dev2,4.40E-05,9,-4.506479822,MwA
-102.4929482,-49.84256822,-96.745497,449,2023-08-03T10:45:28.901717Z,46.51052719,8.476032803,-1.388634503,,automatic,smi:org.gfz-potsdam.de/geofon/StdLoc_GridSearch+LeastSquares,scanloc@bedretto-dev2,7.23E-05,13,-4.353619369,MwA
-91.49010356,-47.2633175,-103.818318,452,2023-08-03T10:45:35.918424Z,46.51054908,8.476176592,-1.381561682,,automatic,smi:org.gfz-potsdam.de/geofon/StdLoc_GridSearch+LeastSquares,scanloc@bedretto-dev2,5.30E-05,9,-4.464481829,MwA
-107.3374149,-53.06397196,-97.312381,454,2023-08-03T10:45:40.351178Z,46.51049879,8.475969134,-1.388067619,induced or triggered event,manual,smi:org.gfz-potsdam.de/geofon/StdLoc_OctTree+LeastSquares,mesimeri,0.000308098,38,-3.224084052,MwA
-92.61895519,-46.15789932,-90.149333,455,2023-08-03T10:45:42.649639Z,46.51055916,8.476162078,-1.395230667,,automatic,smi:org.gfz-potsdam.de/geofon/StdLoc_GridSearch+LeastSquares,scanloc@bedretto-dev2,8.71E-05,13,-4.36966567,MwA
-75.49285547,-7.4580363,-96.797748,457,2023-08-03T10:45:44.626448Z,46.51090522,8.476391865,-1.388582252,,automatic,smi:org.gfz-potsdam.de/geofon/StdLoc_GridSearch+LeastSquares,scanloc@bedretto-dev2,0.00025978,8,-3.879054383,MwA
-84.63190635,-42.68261508,-88.180498,458,2023-08-03T10:45:46.486020Z,46.51058947,8.476266733,-1.397199502,,automatic,smi:org.gfz-potsdam.de/geofon/StdLoc_GridSearch+LeastSquares,scanloc@bedretto-dev2,9.45E-05,17,-4.214000332,MwA
-96.67944329,-44.4793842,-94.432913,460,2023-08-03T10:45:48.806290Z,46.51057474,8.476109466,-1.390947087,,automatic,smi:org.gfz-potsdam.de/geofon/StdLoc_GridSearch+LeastSquares,scanloc@bedretto-dev2,0.00019315,8,-4.580576788,MwA
-104.3583729,-52.50320969,-95.883461,461,2023-08-03T10:45:51.577019Z,46.51050348,8.476008042,-1.389496539,,automatic,smi:org.gfz-potsdam.de/geofon/StdLoc_GridSearch+LeastSquares,scanloc@bedretto-dev2,0.000162159,14,-3.945137845,MwA
-87.31483917,-41.39935506,-97.297412,463,2023-08-03T10:45:59.152822Z,46.51060133,8.476231999,-1.388082588,,automatic,smi:org.gfz-potsdam.de/geofon/StdLoc_GridSearch+LeastSquares,scanloc@bedretto-dev2,6.86E-05,13,-4.356217101,MwA
-102.7207432,-51.940864,-113.379414,464,2023-08-03T10:45:59.357727Z,46.51050834,8.476029471,-1.372000586,,automatic,smi:org.gfz-potsdam.de/geofon/StdLoc_GridSearch+LeastSquares,scanloc@bedretto-dev2,9.38E-05,9,-4.360910897,MwA
-92.01079243,-49.52030482,-107.497539,467,2023-08-03T10:46:06.219135Z,46.51052884,8.476169419,-1.377882461,,automatic,smi:org.gfz-potsdam.de/geofon/StdLoc_GridSearch+LeastSquares,scanloc@bedretto-dev2,9.05E-05,11,-4.426759443,MwA
-97.16563037,-56.67073238,-88.447876,470,2023-08-03T10:46:15.085739Z,46.51046514,8.476101033,-1.396932124,,automatic,smi:org.gfz-potsdam.de/geofon/StdLoc_GridSearch+LeastSquares,scanloc@bedretto-dev2,0.000277605,9,-4.353035027,MwA
-92.03850378,-46.74360876,-103.361587,471,2023-08-03T10:46:16.072251Z,46.51055382,8.476169537,-1.382018413,,automatic,smi:org.gfz-potsdam.de/geofon/StdLoc_GridSearch+LeastSquares,scanloc@bedretto-dev2,0.000104226,10,-4.48002091,MwA
-95.76532312,-47.08555796,-90.490717,472,2023-08-03T10:46:16.888519Z,46.51055119,8.476120927,-1.394889283,,automatic,smi:org.gfz-potsdam.de/geofon/StdLoc_GridSearch+LeastSquares,scanloc@bedretto-dev2,0.000111594,8,-4.510475363,MwA
-91.78372689,-47.00594012,-103.741495,474,2023-08-03T10:46:22.636004Z,46.51055143,8.476172811,-1.381638505,,automatic,smi:org.gfz-potsdam.de/geofon/StdLoc_GridSearch+LeastSquares,scanloc@bedretto-dev2,8.23E-05,9,-4.520379459,MwA
-102.8707142,-49.73970315,-97.630605,478,2023-08-03T10:46:25.603236Z,46.51052816,8.476027899,-1.387749395,,automatic,smi:org.gfz-potsdam.de/geofon/StdLoc_GridSearch+LeastSquares,scanloc@bedretto-dev2,0.000107479,13,-4.325782817,MwA
-87.17115909,-43.17729271,-100.72858,483,2023-08-03T10:46:36.972958Z,46.51058532,8.476233564,-1.38465142,,automatic,smi:org.gfz-potsdam.de/geofon/StdLoc_GridSearch+LeastSquares,scanloc@bedretto-dev2,0.00010672,12,-4.438401974,MwA
-96.45739235,-46.0784219,-97.12992,484,2023-08-03T10:46:38.774479Z,46.51056033,8.476112083,-1.38825008,,automatic,smi:org.gfz-potsdam.de/geofon/StdLoc_GridSearch+LeastSquares,scanloc@bedretto-dev2,7.41E-05,14,-4.096334558,MwA
-91.58356493,-46.71424152,-103.596228,485,2023-08-03T10:46:39.174771Z,46.51055403,8.476175469,-1.381783772,,automatic,smi:org.gfz-potsdam.de/geofon/StdLoc_GridSearch+LeastSquares,scanloc@bedretto-dev2,7.28E-05,9,-4.47023599,MwA
-89.89388604,-45.25115819,-99.626891,487,2023-08-03T10:46:44.559836Z,46.51056699,8.476197735,-1.385753109,,automatic,smi:org.gfz-potsdam.de/geofon/StdLoc_GridSearch+LeastSquares,scanloc@bedretto-dev2,6.50E-05,9,-4.402635681,MwA
-91.12863183,-48.09342614,-105.487254,493,2023-08-03T10:46:59.696642Z,46.51054157,8.476181158,-1.379892746,,automatic,smi:org.gfz-potsdam.de/geofon/StdLoc_GridSearch+LeastSquares,scanloc@bedretto-dev2,0.000148025,9,-4.616511007,MwA
-96.21515227,-51.02500533,-84.776851,494,2023-08-03T10:47:06.306102Z,46.51051581,8.476114389,-1.400603149,,automatic,smi:org.gfz-potsdam.de/geofon/StdLoc_GridSearch+LeastSquares,scanloc@bedretto-dev2,6.01E-05,10,-4.44353356,MwA
-99.57422672,-48.25976421,-96.503112,495,2023-08-03T10:47:09.145358Z,46.51054108,8.476071101,-1.388876888,,automatic,smi:org.gfz-potsdam.de/geofon/StdLoc_GridSearch+LeastSquares,scanloc@bedretto-dev2,8.87E-05,10,-4.530014086,MwA
-100.6333444,-49.13538487,-95.986289,496,2023-08-03T10:47:09.956574Z,46.51053333,8.476057152,-1.389393711,,automatic,smi:org.gfz-potsdam.de/geofon/StdLoc_GridSearch+LeastSquares,scanloc@bedretto-dev2,6.63E-05,13,-4.267947203,MwA
-107.5069644,-53.20180095,-99.402573,497,2023-08-03T10:47:11.837011Z,46.51049757,8.475966901,-1.385977427,,automatic,smi:org.gfz-potsdam.de/geofon/StdLoc_GridSearch+LeastSquares,scanloc@bedretto-dev2,7.55E-05,9,-4.573148041,MwA
-99.46887318,-47.96154396,-96.045043,499,2023-08-03T10:47:16.648357Z,46.51054375,8.476072525,-1.389334957,,automatic,smi:org.gfz-potsdam.de/geofon/StdLoc_GridSearch+LeastSquares,scanloc@bedretto-dev2,4.31E-05,8,-4.562885939,MwA
-90.58820633,-46.30869949,-100.551861,500,2023-08-03T10:47:16.801421Z,46.51055756,8.476188507,-1.384828139,,automatic,smi:org.gfz-potsdam.de/geofon/StdLoc_GridSearch+LeastSquares,scanloc@bedretto-dev2,0.000124975,11,-4.411505947,MwA
-105.8275614,-55.62672425,-92.075509,505,2023-08-03T10:47:28.722523Z,46.51047556,8.475988364,-1.393304491,,automatic,smi:org.gfz-potsdam.de/geofon/StdLoc_GridSearch+LeastSquares,scanloc@bedretto-dev2,5.65E-05,9,-4.40223852,MwA
-102.5752343,-49.62129545,-97.221861,506,2023-08-03T10:47:30.435325Z,46.51052919,8.476031769,-1.388158139,,automatic,smi:org.gfz-potsdam.de/geofon/StdLoc_GridSearch+LeastSquares,scanloc@bedretto-dev2,7.46E-05,14,-4.20158707,MwA
-90.08162614,-43.76953811,-95.771293,508,2023-08-03T10:47:37.704453Z,46.51058034,8.476195545,-1.389608707,,automatic,smi:org.gfz-potsdam.de/geofon/StdLoc_GridSearch+LeastSquares,scanloc@bedretto-dev2,5.66E-05,10,-4.318078909,MwA
-100.290921,-48.20029932,-97.034104,509,2023-08-03T10:47:41.330514Z,46.5105417,8.476061774,-1.388345896,,automatic,smi:org.gfz-potsdam.de/geofon/StdLoc_GridSearch+LeastSquares,scanloc@bedretto-dev2,6.26E-05,8,-4.570295926,MwA
-100.6700073,-49.06805933,-95.688617,511,2023-08-03T10:47:44.564133Z,46.51053394,8.476056686,-1.389691383,,automatic,smi:org.gfz-potsdam.de/geofon/StdLoc_GridSearch+LeastSquares,scanloc@bedretto-dev2,8.29E-05,12,-4.443865985,MwA
-91.354302,-47.48939381,-105.499994,512,2023-08-03T10:47:45.901010Z,46.51054703,8.476178322,-1.379880006,,automatic,smi:org.gfz-potsdam.de/geofon/StdLoc_GridSearch+LeastSquares,scanloc@bedretto-dev2,6.59E-05,8,-4.742002356,MwA
-99.165903,-47.25935008,-96.446891,513,2023-08-03T10:47:48.882015Z,46.51055003,8.476076593,-1.388933109,,automatic,smi:org.gfz-potsdam.de/geofon/StdLoc_GridSearch+LeastSquares,scanloc@bedretto-dev2,3.26E-05,8,-4.528659297,MwA
-100.0182672,-50.70382767,-90.893206,517,2023-08-03T10:47:59.693424Z,46.51051915,8.476064896,-1.394486794,,automatic,smi:org.gfz-potsdam.de/geofon/StdLoc_GridSearch+LeastSquares,scanloc@bedretto-dev2,0.000140583,12,-4.547475384,MwA
-89.46739945,-45.67019251,-100.318771,518,2023-08-03T10:48:01.546924Z,46.51056317,8.476203219,-1.385061229,,automatic,smi:org.gfz-potsdam.de/geofon/StdLoc_GridSearch+LeastSquares,scanloc@bedretto-dev2,0.000155382,13,-4.367475516,MwA
-89.7800413,-44.54040477,-97.403773,519,2023-08-03T10:48:03.319346Z,46.51057337,8.476199341,-1.387976227,,automatic,smi:org.gfz-potsdam.de/geofon/StdLoc_GridSearch+LeastSquares,scanloc@bedretto-dev2,6.79E-05,8,-4.45000516,MwA
-102.539226,-49.64641628,-96.012512,520,2023-08-03T10:48:09.487194Z,46.51052896,8.476032234,-1.389367488,,automatic,smi:org.gfz-potsdam.de/geofon/StdLoc_GridSearch+LeastSquares,scanloc@bedretto-dev2,6.83E-05,8,-4.550013303,MwA
-98.91879625,-48.2300888,-91.353695,521,2023-08-03T10:48:09.900732Z,46.51054127,8.476079646,-1.394026305,,automatic,smi:org.gfz-potsdam.de/geofon/StdLoc_GridSearch+LeastSquares,scanloc@bedretto-dev2,9.89E-05,13,-4.403037986,MwA
-93.75724526,-49.1988236,-104.323221,523,2023-08-03T10:48:12.806775Z,46.51053194,8.476146722,-1.381056779,,automatic,smi:org.gfz-potsdam.de/geofon/StdLoc_GridSearch+LeastSquares,scanloc@bedretto-dev2,5.26E-05,10,-4.456384196,MwA
-96.79180863,-46.82883612,-96.766473,524,2023-08-03T10:48:16.877576Z,46.51055362,8.476107597,-1.388613527,,automatic,smi:org.gfz-potsdam.de/geofon/StdLoc_GridSearch+LeastSquares,scanloc@bedretto-dev2,0.000151041,15,-4.136310943,MwA
-95.07003199,-48.91303847,-87.712737,525,2023-08-03T10:48:17.341484Z,46.51053467,8.476129671,-1.397667263,,automatic,smi:org.gfz-potsdam.de/geofon/StdLoc_GridSearch+LeastSquares,scanloc@bedretto-dev2,0.000129547,19,-3.964845747,MwA
-101.1038838,-49.47737083,-95.242767,526,2023-08-03T10:48:18.788271Z,46.51053031,8.476050963,-1.390137233,,automatic,smi:org.gfz-potsdam.de/geofon/StdLoc_GridSearch+LeastSquares,scanloc@bedretto-dev2,6.67E-05,15,-4.104681128,MwA
-104.3055536,-56.98620037,-95.966394,527,2023-08-03T10:48:21.552558Z,46.51046315,8.476007958,-1.389413606,,automatic,smi:org.gfz-potsdam.de/geofon/StdLoc_GridSearch+LeastSquares,scanloc@bedretto-dev2,0.000159573,8,-4.542375507,MwA
-92.06374667,-47.3698248,-104.880693,529,2023-08-03T10:48:22.523060Z,46.51054819,8.4761691,-1.380499307,,automatic,smi:org.gfz-potsdam.de/geofon/StdLoc_GridSearch+LeastSquares,scanloc@bedretto-dev2,0.000161677,14,-4.309304156,MwA
-92.4950821,-47.50116844,-104.306996,530,2023-08-03T10:48:22.649985Z,46.51054706,8.476163458,-1.381073004,,automatic,smi:org.gfz-potsdam.de/geofon/StdLoc_GridSearch+LeastSquares,scanloc@bedretto-dev2,9.35E-05,12,-4.387896162,MwA
-91.20451455,-42.01785733,-93.77588,531,2023-08-03T10:48:25.160925Z,46.51059623,8.476181218,-1.39160412,,automatic,smi:org.gfz-potsdam.de/geofon/StdLoc_GridSearch+LeastSquares,scanloc@bedretto-dev2,4.39E-05,12,-4.30056813,MwA
-95.98159355,-49.11630024,-88.243347,532,2023-08-03T10:48:25.853257Z,46.51053295,8.47611776,-1.397136653,,automatic,smi:org.gfz-potsdam.de/geofon/StdLoc_GridSearch+LeastSquares,scanloc@bedretto-dev2,0.000112252,12,-4.297690528,MwA
-98.12700147,-48.01283631,-91.282184,534,2023-08-03T10:48:32.905509Z,46.51054313,8.476089999,-1.394097816,,automatic,smi:org.gfz-potsdam.de/geofon/StdLoc_GridSearch+LeastSquares,scanloc@bedretto-dev2,5.54E-05,11,-4.421470175,MwA
-103.7423958,-53.89484923,-91.852761,535,2023-08-03T10:48:33.794761Z,46.51049089,8.476015828,-1.393527239,,automatic,smi:org.gfz-potsdam.de/geofon/StdLoc_GridSearch+LeastSquares,scanloc@bedretto-dev2,8.01E-05,10,-4.480425869,MwA
-89.89434245,-45.08329357,-99.458303,538,2023-08-03T10:48:38.271191Z,46.5105685,8.476197758,-1.385921697,,automatic,smi:org.gfz-potsdam.de/geofon/StdLoc_GridSearch+LeastSquares,scanloc@bedretto-dev2,6.65E-05,8,-4.367566431,MwA
-101.1812169,-49.54398341,-95.384121,540,2023-08-03T10:48:41.766639Z,46.51052972,8.476049944,-1.389995879,,automatic,smi:org.gfz-potsdam.de/geofon/StdLoc_GridSearch+LeastSquares,scanloc@bedretto-dev2,8.20E-05,13,-4.271493849,MwA
-88.94392038,-44.19248961,-97.3559,543,2023-08-03T10:48:49.136540Z,46.5105764,8.476210294,-1.3880241,,automatic,smi:org.gfz-potsdam.de/geofon/StdLoc_GridSearch+LeastSquares,scanloc@bedretto-dev2,9.59E-05,12,-4.253832079,MwA
-91.13275819,-47.19518946,-105.332654,545,2023-08-03T10:48:55.783648Z,46.51054965,8.476181259,-1.380047346,,automatic,smi:org.gfz-potsdam.de/geofon/StdLoc_GridSearch+LeastSquares,scanloc@bedretto-dev2,7.79E-05,8,-4.530862566,MwA
-93.5656024,-48.22948627,-85.244409,546,2023-08-03T10:48:57.413577Z,46.51054064,8.476149389,-1.400135591,,automatic,smi:org.gfz-potsdam.de/geofon/StdLoc_GridSearch+LeastSquares,scanloc@bedretto-dev2,7.20E-05,9,-4.463462905,MwA
-96.07503303,-44.92163513,-95.202671,547,2023-08-03T10:49:04.004860Z,46.51057069,8.476117264,-1.390177329,,automatic,smi:org.gfz-potsdam.de/geofon/StdLoc_GridSearch+LeastSquares,scanloc@bedretto-dev2,4.64E-05,10,-4.426508379,MwA
-86.40947987,-45.08277201,-100.528051,552,2023-08-03T10:49:10.946905Z,46.51056809,8.476243159,-1.384851949,,automatic,smi:org.gfz-potsdam.de/geofon/StdLoc_GridSearch+LeastSquares,scanloc@bedretto-dev2,0.000243688,10,-4.529726624,MwA
-85.11801499,-43.04259044,-87.698401,555,2023-08-03T10:49:17.204960Z,46.51058629,8.476260338,-1.397681599,,automatic,smi:org.gfz-potsdam.de/geofon/StdLoc_GridSearch+LeastSquares,scanloc@bedretto-dev2,7.59E-05,13,-4.3303194,MwA
-89.07574067,-45.06267214,-89.985749,557,2023-08-03T10:49:27.237019Z,46.51056859,8.476208428,-1.395394251,,automatic,smi:org.gfz-potsdam.de/geofon/StdLoc_GridSearch+LeastSquares,scanloc@bedretto-dev2,5.08E-05,8,-4.575743741,MwA
-89.45749148,-43.61453634,-95.6802,558,2023-08-03T10:49:27.829490Z,46.51058166,8.476203703,-1.3896998,,automatic,smi:org.gfz-potsdam.de/geofon/StdLoc_GridSearch+LeastSquares,scanloc@bedretto-dev2,0.000171133,12,-4.248208961,MwA
-103.5281001,-51.76476005,-113.532394,560,2023-08-03T10:49:37.764739Z,46.51051002,8.476018983,-1.371847606,,automatic,smi:org.gfz-potsdam.de/geofon/StdLoc_GridSearch+LeastSquares,scanloc@bedretto-dev2,4.46E-05,10,-4.300683032,MwA
-96.74728417,-48.50799642,-101.605018,562,2023-08-03T10:49:40.051052Z,46.51053851,8.476107887,-1.383774982,,automatic,smi:org.gfz-potsdam.de/geofon/StdLoc_GridSearch+LeastSquares,scanloc@bedretto-dev2,6.44E-05,8,-4.576989444,MwA
-93.11435026,-48.08745001,-105.072541,563,2023-08-03T10:49:42.902959Z,46.51054186,8.476155289,-1.380307459,,automatic,smi:org.gfz-potsdam.de/geofon/StdLoc_GridSearch+LeastSquares,scanloc@bedretto-dev2,9.85E-05,14,-4.278495412,MwA
-99.98048668,-48.55084564,-96.941799,566,2023-08-03T10:49:49.169377Z,46.51053851,8.476065758,-1.388438201,,automatic,smi:org.gfz-potsdam.de/geofon/StdLoc_GridSearch+LeastSquares,scanloc@bedretto-dev2,0.00013513,24,-3.562156965,MwA
-92.37147227,-47.47950586,-105.06553,571,2023-08-03T10:50:07.697762Z,46.51054724,8.476165072,-1.38031447,,automatic,smi:org.gfz-potsdam.de/geofon/StdLoc_GridSearch+LeastSquares,scanloc@bedretto-dev2,0.000116393,13,-4.322634512,MwA
-106.5528644,-51.87843352,-99.420185,572,2023-08-03T10:50:08.216321Z,46.51050936,8.475979559,-1.385959815,,automatic,smi:org.gfz-potsdam.de/geofon/StdLoc_GridSearch+LeastSquares,scanloc@bedretto-dev2,8.14E-05,11,-4.395165565,MwA
-72.64151392,-33.16977459,-88.308693,576,2023-08-03T10:50:13.659403Z,46.51067361,8.476424584,-1.397071307,,automatic,smi:org.gfz-potsdam.de/geofon/StdLoc_GridSearch+LeastSquares,scanloc@bedretto-dev2,0.00014054,10,-4.15350872,MwA
-98.96464826,-48.38851925,-93.37008,577,2023-08-03T10:50:18.271257Z,46.51053985,8.476079021,-1.39200992,,automatic,smi:org.gfz-potsdam.de/geofon/StdLoc_GridSearch+LeastSquares,scanloc@bedretto-dev2,7.35E-05,14,-4.24305419,MwA
-103.7505559,-49.38779718,-97.415129,578,2023-08-03T10:50:19.442866Z,46.51053143,8.476016497,-1.387964871,,automatic,smi:org.gfz-potsdam.de/geofon/StdLoc_GridSearch+LeastSquares,scanloc@bedretto-dev2,0.000124146,8,-4.558290776,MwA
-102.7682869,-49.92177891,-98.039087,579,2023-08-03T10:50:20.660412Z,46.51052651,8.476029202,-1.387340913,,automatic,smi:org.gfz-potsdam.de/geofon/StdLoc_GridSearch+LeastSquares,scanloc@bedretto-dev2,8.75E-05,12,-4.393910834,MwA
-85.42773487,-43.68151213,-86.95047,581,2023-08-03T10:50:32.193074Z,46.51058058,8.476256193,-1.39842953,,automatic,smi:org.gfz-potsdam.de/geofon/StdLoc_GridSearch+LeastSquares,scanloc@bedretto-dev2,8.92E-05,10,-4.34389577,MwA
-91.15038105,7.298234851,-108.976075,582,2023-08-03T10:50:32.658902Z,46.51103981,8.476190416,-1.376403925,,automatic,smi:org.gfz-potsdam.de/geofon/StdLoc_GridSearch+LeastSquares,scanloc@bedretto-dev2,0.000252981,8,-3.485249235,MwA
-103.4852423,-50.03906535,-99.483966,583,2023-08-03T10:50:36.846790Z,46.51052554,8.476019841,-1.385896034,,automatic,smi:org.gfz-potsdam.de/geofon/StdLoc_GridSearch+LeastSquares,scanloc@bedretto-dev2,0.000111213,9,-4.433014474,MwA
-96.86472486,-46.63532378,-93.130686,584,2023-08-03T10:50:38.091115Z,46.51055537,8.476106681,-1.392249314,,automatic,smi:org.gfz-potsdam.de/geofon/StdLoc_GridSearch+LeastSquares,scanloc@bedretto-dev2,9.65E-05,14,-4.301269568,MwA
-97.85217403,-47.43883052,-93.286489,585,2023-08-03T10:50:40.299245Z,46.51054826,8.476093678,-1.392093511,,automatic,smi:org.gfz-potsdam.de/geofon/StdLoc_GridSearch+LeastSquares,scanloc@bedretto-dev2,0.000124957,11,-4.506578335,MwA
-106.2507056,-53.56768536,-97.150816,586,2023-08-03T10:50:47.634792Z,46.51049413,8.475983205,-1.388229184,,automatic,smi:org.gfz-potsdam.de/geofon/StdLoc_GridSearch+LeastSquares,scanloc@bedretto-dev2,0.000115127,10,-4.491378782,MwA
-98.81112963,-48.99466219,-91.326774,587,2023-08-03T10:50:48.330692Z,46.51053438,8.476080917,-1.394053226,,automatic,smi:org.gfz-potsdam.de/geofon/StdLoc_GridSearch+LeastSquares,scanloc@bedretto-dev2,0.000134795,25,-3.662521657,MwA
-85.49074402,-47.00049549,-106.31329,588,2023-08-03T10:50:50.085118Z,46.51055073,8.476254797,-1.37906671,,automatic,smi:org.gfz-potsdam.de/geofon/StdLoc_GridSearch+LeastSquares,scanloc@bedretto-dev2,0.000133537,13,-4.309482234,MwA
-90.22984234,-43.53135249,-96.100475,589,2023-08-03T10:50:54.955286Z,46.5105825,8.476193655,-1.389279525,,automatic,smi:org.gfz-potsdam.de/geofon/StdLoc_GridSearch+LeastSquares,scanloc@bedretto-dev2,5.61E-05,10,-4.272398906,MwA
-92.63267097,-48.49689824,-104.062399,590,2023-08-03T10:50:57.229237Z,46.51053812,8.476161494,-1.381317601,,automatic,smi:org.gfz-potsdam.de/geofon/StdLoc_GridSearch+LeastSquares,scanloc@bedretto-dev2,0.000127334,14,-4.303162228,MwA
-107.1996942,-53.17327393,-99.698369,591,2023-08-03T10:50:57.493590Z,46.51049779,8.475970909,-1.385681631,,automatic,smi:org.gfz-potsdam.de/geofon/StdLoc_GridSearch+LeastSquares,scanloc@bedretto-dev2,0.000116379,16,-4.148260476,MwA
-95.94946076,-46.50430277,-91.427883,592,2023-08-03T10:51:01.838848Z,46.51055644,8.476118628,-1.393952117,,automatic,smi:org.gfz-potsdam.de/geofon/StdLoc_GridSearch+LeastSquares,scanloc@bedretto-dev2,5.77E-05,11,-4.513227134,MwA
-53.86171001,-30.00160996,-102.223591,596,2023-08-03T10:51:05.968246Z,46.51069987,8.476669793,-1.383156409,,automatic,smi:org.gfz-potsdam.de/geofon/StdLoc_GridSearch+LeastSquares,scanloc@bedretto-dev2,0.000330518,12,-3.885107478,MwA
-90.57161687,-46.98105007,-102.337761,597,2023-08-03T10:51:06.777076Z,46.51055151,8.476188607,-1.383042239,,automatic,smi:org.gfz-potsdam.de/geofon/StdLoc_GridSearch+LeastSquares,scanloc@bedretto-dev2,0.000164492,13,-4.385723649,MwA
-97.13674862,-47.28596184,-93.013177,598,2023-08-03T10:51:08.747843Z,46.51054955,8.476103025,-1.392366823,,automatic,smi:org.gfz-potsdam.de/geofon/StdLoc_GridSearch+LeastSquares,scanloc@bedretto-dev2,9.99E-05,18,-3.890211079,MwA
-98.94083725,-48.58279287,-91.913815,599,2023-08-03T10:51:11.246134Z,46.5105381,8.476079298,-1.393466185,,automatic,smi:org.gfz-potsdam.de/geofon/StdLoc_GridSearch+LeastSquares,scanloc@bedretto-dev2,5.83E-05,9,-4.491167424,MwA
-92.68956869,-48.30421572,-103.616595,600,2023-08-03T10:51:14.495445Z,46.51053986,8.476160786,-1.381763405,,automatic,smi:org.gfz-potsdam.de/geofon/StdLoc_GridSearch+LeastSquares,scanloc@bedretto-dev2,0.000114839,15,-4.007782261,MwA
-86.86729023,-44.41427784,-87.578147,601,2023-08-03T10:51:14.790563Z,46.51057416,8.476237312,-1.397801853,,automatic,smi:org.gfz-potsdam.de/geofon/StdLoc_GridSearch+LeastSquares,scanloc@bedretto-dev2,7.09E-05,19,-4.058480522,MwA
-96.3349946,-46.18132306,-96.453688,603,2023-08-03T10:51:16.625210Z,46.51055939,8.47611366,-1.388926312,,automatic,smi:org.gfz-potsdam.de/geofon/StdLoc_GridSearch+LeastSquares,scanloc@bedretto-dev2,5.43E-05,13,-4.258573811,MwA
-94.31189856,-48.47278513,-86.891571,604,2023-08-03T10:51:18.906456Z,46.51053854,8.476139624,-1.398488429,,automatic,smi:org.gfz-potsdam.de/geofon/StdLoc_GridSearch+LeastSquares,scanloc@bedretto-dev2,8.91E-05,11,-4.469639311,MwA
-92.23792681,-48.13592635,-103.711298,605,2023-08-03T10:51:20.947333Z,46.51054132,8.476166699,-1.381668702,,automatic,smi:org.gfz-potsdam.de/geofon/StdLoc_GridSearch+LeastSquares,scanloc@bedretto-dev2,0.00011091,14,-4.340394659,MwA
-99.080466,-49.58177251,-96.77012,607,2023-08-03T10:51:23.695956Z,46.51052913,8.476077306,-1.38860988,,automatic,smi:org.gfz-potsdam.de/geofon/StdLoc_GridSearch+LeastSquares,scanloc@bedretto-dev2,0.000204792,8,-4.486627982,MwA
-86.8796043,-44.52228501,-87.37286,608,2023-08-03T10:51:25.273492Z,46.51057319,8.476237133,-1.39800714,,automatic,smi:org.gfz-potsdam.de/geofon/StdLoc_GridSearch+LeastSquares,scanloc@bedretto-dev2,9.42E-05,8,-4.509390665,MwA
-85.14923893,-39.62309107,-95.279874,609,2023-08-03T10:51:27.566697Z,46.51061705,8.476260519,-1.390100126,,automatic,smi:org.gfz-potsdam.de/geofon/StdLoc_GridSearch+LeastSquares,scanloc@bedretto-dev2,7.32E-05,13,-4.261124604,MwA
-85.90106088,-46.12212039,-104.446657,615,2023-08-03T10:51:38.299208Z,46.51055868,8.476249603,-1.380933343,,automatic,smi:org.gfz-potsdam.de/geofon/StdLoc_GridSearch+LeastSquares,scanloc@bedretto-dev2,0.000177788,14,-4.437722467,MwA
-99.99726612,-57.92792242,-81.076864,616,2023-08-03T10:51:39.420561Z,46.51045417,8.476063927,-1.404303136,,automatic,smi:org.gfz-potsdam.de/geofon/StdLoc_GridSearch+LeastSquares,scanloc@bedretto-dev2,0.000106327,17,-4.0339282,MwA
-89.64272257,-47.06319483,-105.598374,617,2023-08-03T10:51:44.101560Z,46.51055066,8.476200694,-1.379781626,,automatic,smi:org.gfz-potsdam.de/geofon/StdLoc_GridSearch+LeastSquares,scanloc@bedretto-dev2,7.60E-05,11,-4.570889538,MwA
-95.70225738,-47.16363587,-91.516064,618,2023-08-03T10:51:44.259817Z,46.51055048,8.476121735,-1.393863936,,automatic,smi:org.gfz-potsdam.de/geofon/StdLoc_GridSearch+LeastSquares,scanloc@bedretto-dev2,0.000105529,10,-4.537445,MwA
-97.96037668,-47.08117427,-92.892251,625,2023-08-03T10:51:58.198686Z,46.51055149,8.47609233,-1.392487749,,automatic,smi:org.gfz-potsdam.de/geofon/StdLoc_GridSearch+LeastSquares,scanloc@bedretto-dev2,4.60E-05,8,-4.507665301,MwA
-90.17437951,-46.25762426,-101.535191,627,2023-08-03T10:52:08.481769Z,46.51055797,8.476193907,-1.383844809,,automatic,smi:org.gfz-potsdam.de/geofon/StdLoc_GridSearch+LeastSquares,scanloc@bedretto-dev2,0.000126808,11,-4.404809874,MwA
-90.15925133,-45.6960109,-100.588318,628,2023-08-03T10:52:10.214264Z,46.51056302,8.476194201,-1.384791682,,automatic,smi:org.gfz-potsdam.de/geofon/StdLoc_GridSearch+LeastSquares,scanloc@bedretto-dev2,6.08E-05,9,-4.403930541,MwA
-84.1246212,-46.21756628,-105.398246,630,2023-08-03T10:52:11.046645Z,46.51055761,8.47627273,-1.379981754,,automatic,smi:org.gfz-potsdam.de/geofon/StdLoc_GridSearch+LeastSquares,scanloc@bedretto-dev2,0.000189482,12,-4.292477651,MwA
-90.33677062,-46.61329735,-102.02958,631,2023-08-03T10:52:11.228924Z,46.51055479,8.47619173,-1.38335042,,automatic,smi:org.gfz-potsdam.de/geofon/StdLoc_GridSearch+LeastSquares,scanloc@bedretto-dev2,0.000124707,13,-4.328754051,MwA
-89.91720373,-46.13191023,-102.486354,632,2023-08-03T10:52:12.265052Z,46.51055907,8.476197279,-1.382893646,,automatic,smi:org.gfz-potsdam.de/geofon/StdLoc_GridSearch+LeastSquares,scanloc@bedretto-dev2,0.000106919,11,-4.412223165,MwA
-88.30916785,-44.7154464,-100.397117,633,2023-08-03T10:52:13.695113Z,46.51057162,8.476218473,-1.384982883,,automatic,smi:org.gfz-potsdam.de/geofon/StdLoc_GridSearch+LeastSquares,scanloc@bedretto-dev2,0.000171964,13,-4.285797357,MwA
-91.83463469,-47.07998706,-103.820291,634,2023-08-03T10:52:13.992014Z,46.51055077,8.476172135,-1.381559709,,automatic,smi:org.gfz-potsdam.de/geofon/StdLoc_GridSearch+LeastSquares,scanloc@bedretto-dev2,7.05E-05,9,-4.524602002,MwA
-98.57471698,-48.56461447,-91.772127,636,2023-08-03T10:52:23.729415Z,46.51053822,8.476084071,-1.393607873,,automatic,smi:org.gfz-potsdam.de/geofon/StdLoc_GridSearch+LeastSquares,scanloc@bedretto-dev2,7.38E-05,14,-4.361321974,MwA
-98.04191686,-48.26164685,-100.757822,637,2023-08-03T10:52:25.608510Z,46.51054088,8.476091063,-1.384622178,,automatic,smi:org.gfz-potsdam.de/geofon/StdLoc_GridSearch+LeastSquares,scanloc@bedretto-dev2,0.000111634,20,-3.756437783,MwA
-94.5513582,-46.01671124,-89.039678,638,2023-08-03T10:52:26.361733Z,46.51056066,8.476136927,-1.396340322,,automatic,smi:org.gfz-potsdam.de/geofon/StdLoc_GridSearch+LeastSquares,scanloc@bedretto-dev2,0.00020541,8,-4.654409508,MwA
-99.30998011,-49.72057271,-90.760813,641,2023-08-03T10:52:32.116194Z,46.51052791,8.476074293,-1.394619187,,automatic,smi:org.gfz-potsdam.de/geofon/StdLoc_GridSearch+LeastSquares,scanloc@bedretto-dev2,7.79E-05,15,-4.184991201,MwA
-92.11062511,-47.12254201,-104.071535,643,2023-08-03T10:52:35.113801Z,46.51055042,8.476168532,-1.381308465,,automatic,smi:org.gfz-potsdam.de/geofon/StdLoc_GridSearch+LeastSquares,scanloc@bedretto-dev2,8.50E-05,9,-4.511658455,MwA
-95.1749761,-55.31515873,-70.27986,644,2023-08-03T10:52:35.386103Z,46.5104771,8.476127204,-1.41510014,,automatic,smi:org.gfz-potsdam.de/geofon/StdLoc_GridSearch+LeastSquares,scanloc@bedretto-dev2,4.44E-05,11,-4.357353711,MwA
-90.95741952,-46.74043135,-103.384794,646,2023-08-03T10:52:36.425156Z,46.51055372,8.476183622,-1.381995206,,automatic,smi:org.gfz-potsdam.de/geofon/StdLoc_GridSearch+LeastSquares,scanloc@bedretto-dev2,6.80E-05,12,-4.303418996,MwA
-94.43227792,-45.59261521,-91.597626,648,2023-08-03T10:52:38.476658Z,46.51056446,8.476138551,-1.393782374,,automatic,smi:org.gfz-potsdam.de/geofon/StdLoc_GridSearch+LeastSquares,scanloc@bedretto-dev2,0.000113552,15,-4.313599642,MwA
-93.50644232,-47.98853424,-86.683049,649,2023-08-03T10:52:44.904434Z,46.5105428,8.476150201,-1.398696951,,automatic,smi:org.gfz-potsdam.de/geofon/StdLoc_GridSearch+LeastSquares,scanloc@bedretto-dev2,8.22E-05,20,-3.939204491,MwA
-91.09287355,-42.04304656,-94.531936,652,2023-08-03T10:52:50.355035Z,46.51059599,8.476182668,-1.390848064,,automatic,smi:org.gfz-potsdam.de/geofon/StdLoc_GridSearch+LeastSquares,scanloc@bedretto-dev2,0.000110736,11,-4.438933302,MwA
-101.482705,-49.3344781,-96.97663,653,2023-08-03T10:52:50.634750Z,46.51053164,8.476046052,-1.38840337,,automatic,smi:org.gfz-potsdam.de/geofon/StdLoc_GridSearch+LeastSquares,scanloc@bedretto-dev2,0.000125666,23,-3.69343151,MwA
-90.35623412,-46.54572929,-102.421267,654,2023-08-03T10:52:51.644120Z,46.5105554,8.476191488,-1.382958733,,automatic,smi:org.gfz-potsdam.de/geofon/StdLoc_GridSearch+LeastSquares,scanloc@bedretto-dev2,0.000144177,12,-4.406191069,MwA
-85.86867228,-46.24954217,-104.504992,655,2023-08-03T10:52:53.234534Z,46.51055753,8.476250003,-1.380875008,,automatic,smi:org.gfz-potsdam.de/geofon/StdLoc_GridSearch+LeastSquares,scanloc@bedretto-dev2,7.38E-05,8,-4.538606535,MwA
-90.28030753,-47.1305628,-104.931104,659,2023-08-03T10:52:58.660735Z,46.51055013,8.476192376,-1.380448896,,automatic,smi:org.gfz-potsdam.de/geofon/StdLoc_GridSearch+LeastSquares,scanloc@bedretto-dev2,5.30E-05,8,-4.559262326,MwA
-95.21614975,-45.5339545,-95.975621,660,2023-08-03T10:53:00.426367Z,46.51056508,8.476128348,-1.389404379,,automatic,smi:org.gfz-potsdam.de/geofon/StdLoc_GridSearch+LeastSquares,scanloc@bedretto-dev2,8.60E-05,12,-4.266418375,MwA
-99.51497681,-48.35237288,-96.278664,661,2023-08-03T10:53:02.444456Z,46.51054024,8.476071857,-1.389101336,,automatic,smi:org.gfz-potsdam.de/geofon/StdLoc_GridSearch+LeastSquares,scanloc@bedretto-dev2,8.78E-05,13,-4.346470845,MwA
-83.39264068,-46.03888973,-105.899772,663,2023-08-03T10:53:04.673060Z,46.51055913,8.476282297,-1.379480228,,automatic,smi:org.gfz-potsdam.de/geofon/StdLoc_GridSearch+LeastSquares,scanloc@bedretto-dev2,0.000152299,8,-4.550041728,MwA
-90.22046433,-46.68401485,-102.413099,665,2023-08-03T10:53:11.850997Z,46.51055414,8.476193233,-1.382966901,,automatic,smi:org.gfz-potsdam.de/geofon/StdLoc_GridSearch+LeastSquares,scanloc@bedretto-dev2,0.000163193,14,-4.138289292,MwA
-98.70760754,-47.92149659,-94.472117,667,2023-08-03T10:53:14.366644Z,46.51054402,8.47608245,-1.390907883,,automatic,smi:org.gfz-potsdam.de/geofon/StdLoc_GridSearch+LeastSquares,scanloc@bedretto-dev2,5.18E-05,14,-4.210493471,MwA
-92.05762966,-47.77555833,-103.727141,669,2023-08-03T10:53:15.450192Z,46.51054454,8.47616911,-1.381652859,,automatic,smi:org.gfz-potsdam.de/geofon/StdLoc_GridSearch+LeastSquares,scanloc@bedretto-dev2,0.000125538,14,-4.255761549,MwA
-91.20376716,-47.4918821,-104.058623,670,2023-08-03T10:53:25.336632Z,46.51054699,8.476180283,-1.381321377,,automatic,smi:org.gfz-potsdam.de/geofon/StdLoc_GridSearch+LeastSquares,scanloc@bedretto-dev2,0.000141237,11,-4.439508841,MwA
-92.70026111,-49.51162758,-107.746497,673,2023-08-03T10:53:34.399276Z,46.510529,8.476160438,-1.377633503,,automatic,smi:org.gfz-potsdam.de/geofon/StdLoc_GridSearch+LeastSquares,scanloc@bedretto-dev2,9.18E-05,14,-4.298233093,MwA
-86.19007809,-46.34492172,-106.051688,674,2023-08-03T10:53:34.626483Z,46.51055671,8.476245799,-1.379328312,,automatic,smi:org.gfz-potsdam.de/geofon/StdLoc_GridSearch+LeastSquares,scanloc@bedretto-dev2,7.32E-05,8,-4.444435079,MwA
-101.2767501,-49.55191442,-95.497679,675,2023-08-03T10:53:35.918547Z,46.51052966,8.476048698,-1.389882321,,automatic,smi:org.gfz-potsdam.de/geofon/StdLoc_GridSearch+LeastSquares,scanloc@bedretto-dev2,6.96E-05,12,-4.315141361,MwA
-103.3715629,-51.97059751,-113.098828,677,2023-08-03T10:53:42.711260Z,46.51050815,8.476020987,-1.372281172,,automatic,smi:org.gfz-potsdam.de/geofon/StdLoc_GridSearch+LeastSquares,scanloc@bedretto-dev2,5.70E-05,12,-4.219034845,MwA
-91.50262903,-48.53523467,-107.970401,678,2023-08-03T10:53:48.560634Z,46.51053764,8.476176209,-1.377409599,,automatic,smi:org.gfz-potsdam.de/geofon/StdLoc_GridSearch+LeastSquares,scanloc@bedretto-dev2,0.000152564,9,-4.502233328,MwA
-95.27450684,-44.56861446,-95.984538,679,2023-08-03T10:53:49.425824Z,46.51057377,8.476127754,-1.389395462,,automatic,smi:org.gfz-potsdam.de/geofon/StdLoc_GridSearch+LeastSquares,scanloc@bedretto-dev2,2.76E-05,8,-4.381168391,MwA
-91.64864479,-49.03301289,-107.6654,680,2023-08-03T10:53:49.651734Z,46.51053318,8.476174221,-1.3777146,,automatic,smi:org.gfz-potsdam.de/geofon/StdLoc_GridSearch+LeastSquares,scanloc@bedretto-dev2,0.000119997,8,-4.563715989,MwA
-91.28222001,-48.41609348,-84.926591,681,2023-08-03T10:53:49.750003Z,46.51053869,8.476179105,-1.400453409,,automatic,smi:org.gfz-potsdam.de/geofon/StdLoc_GridSearch+LeastSquares,scanloc@bedretto-dev2,0.000105284,13,-4.519826182,MwA
-79.66596853,-44.95077658,-76.118686,686,2023-08-03T10:53:59.592156Z,46.51056848,8.476331041,-1.409261314,,automatic,smi:org.gfz-potsdam.de/geofon/StdLoc_GridSearch+LeastSquares,scanloc@bedretto-dev2,0.000104495,9,-4.354736474,MwA
-86.30477091,-46.45428686,-105.655429,687,2023-08-03T10:53:59.745988Z,46.51055574,8.476244286,-1.379724571,,automatic,smi:org.gfz-potsdam.de/geofon/StdLoc_GridSearch+LeastSquares,scanloc@bedretto-dev2,9.10E-05,8,-4.521462887,MwA
-107.6286345,-55.4648224,-94.311023,688,2023-08-03T10:54:02.103078Z,46.51047723,8.475964927,-1.391068977,,automatic,smi:org.gfz-potsdam.de/geofon/StdLoc_GridSearch+LeastSquares,scanloc@bedretto-dev2,0.000103762,10,-4.487503703,MwA
-83.98391293,-44.83827445,-104.121769,691,2023-08-03T10:54:08.534100Z,46.51057,8.476274801,-1.381258231,,automatic,smi:org.gfz-potsdam.de/geofon/StdLoc_GridSearch+LeastSquares,scanloc@bedretto-dev2,0.000169996,16,-4.274807156,MwA
-84.54274718,-45.69278687,-105.550874,695,2023-08-03T10:54:33.855102Z,46.51056238,8.476267373,-1.379829126,,automatic,smi:org.gfz-potsdam.de/geofon/StdLoc_GridSearch+LeastSquares,scanloc@bedretto-dev2,0.000114884,11,-4.254090788,MwA
-93.05713245,-49.57858918,-108.429215,697,2023-08-03T10:54:45.432470Z,46.51052844,8.476155777,-1.376950785,,automatic,smi:org.gfz-potsdam.de/geofon/StdLoc_GridSearch+LeastSquares,scanloc@bedretto-dev2,9.12E-05,9,-4.453724019,MwA
-108.9003954,-54.19848158,-103.060532,700,2023-08-03T10:54:47.994577Z,46.51048877,8.475948575,-1.382319468,,automatic,smi:org.gfz-potsdam.de/geofon/StdLoc_GridSearch+LeastSquares,scanloc@bedretto-dev2,9.42E-05,8,-4.5009102,MwA
-103.3886948,-50.8659919,-101.819408,702,2023-08-03T10:55:11.264291Z,46.51051809,8.476020956,-1.383560592,,automatic,smi:org.gfz-potsdam.de/geofon/StdLoc_GridSearch+LeastSquares,scanloc@bedretto-dev2,6.62E-05,10,-4.429334225,MwA
-106.1166981,-52.21288816,-98.286541,704,2023-08-03T10:55:15.731801Z,46.5105063,8.475985184,-1.387093459,,automatic,smi:org.gfz-potsdam.de/geofon/StdLoc_GridSearch+LeastSquares,scanloc@bedretto-dev2,6.51E-05,9,-4.508556075,MwA
-102.8391704,-51.23313021,-113.491845,705,2023-08-03T10:55:29.254940Z,46.51051472,8.47602805,-1.371888155,,automatic,smi:org.gfz-potsdam.de/geofon/StdLoc_GridSearch+LeastSquares,scanloc@bedretto-dev2,4.23E-05,9,-4.326929439,MwA
-96.45607315,-49.04919795,-88.24669,707,2023-08-03T10:55:34.170677Z,46.51053361,8.47611159,-1.39713331,,automatic,smi:org.gfz-potsdam.de/geofon/StdLoc_GridSearch+LeastSquares,scanloc@bedretto-dev2,6.20E-05,9,-4.54770155,MwA
-103.8755648,-51.85272822,-113.837169,713,2023-08-03T10:56:11.780989Z,46.51050927,8.476014441,-1.371542831,,automatic,smi:org.gfz-potsdam.de/geofon/StdLoc_GridSearch+LeastSquares,scanloc@bedretto-dev2,6.43E-05,12,-4.273744703,MwA
-101.5925562,-49.20143867,-95.60732,716,2023-08-03T10:56:26.077187Z,46.51053285,8.476044644,-1.38977268,,automatic,smi:org.gfz-potsdam.de/geofon/StdLoc_GridSearch+LeastSquares,scanloc@bedretto-dev2,7.97E-05,9,-4.463377965,MwA
-110.336583,-56.50886758,-99.315199,718,2023-08-03T10:56:35.343890Z,46.51046816,8.475929467,-1.386064801,,automatic,smi:org.gfz-potsdam.de/geofon/StdLoc_GridSearch+LeastSquares,scanloc@bedretto-dev2,8.46E-05,9,-4.427220851,MwA
-85.10006292,-46.04813119,-105.700163,719,2023-08-03T10:56:36.628573Z,46.51055925,8.476260051,-1.379679837,,automatic,smi:org.gfz-potsdam.de/geofon/StdLoc_GridSearch+LeastSquares,scanloc@bedretto-dev2,0.000108603,11,-4.417095986,MwA
-91.06982811,-47.64014266,-106.55025,720,2023-08-03T10:56:43.350454Z,46.51054564,8.476182002,-1.37882975,,automatic,smi:org.gfz-potsdam.de/geofon/StdLoc_GridSearch+LeastSquares,scanloc@bedretto-dev2,0.000225447,16,-4.05606244,MwA
-92.54173626,-42.83377543,-93.776539,723,2023-08-03T10:57:30.015001Z,46.51058905,8.476163656,-1.391603461,,automatic,smi:org.gfz-potsdam.de/geofon/StdLoc_GridSearch+LeastSquares,scanloc@bedretto-dev2,0.000114465,13,-4.278588973,MwA
-110.5176222,-63.54221075,-88.480915,726,2023-08-03T10:57:46.601688Z,46.51040492,8.475925899,-1.396899085,,automatic,smi:org.gfz-potsdam.de/geofon/StdLoc_GridSearch+LeastSquares,scanloc@bedretto-dev2,6.56E-05,10,-4.320082361,MwA
-98.61273075,-51.59365186,-86.057759,727,2023-08-03T10:58:07.719103Z,46.51051098,8.476083055,-1.399322241,,automatic,smi:org.gfz-potsdam.de/geofon/StdLoc_GridSearch+LeastSquares,scanloc@bedretto-dev2,0.00015656,8,-4.553923578,MwA
-85.94199523,-46.15375834,-105.917386,728,2023-08-03T10:58:08.788387Z,46.5105584,8.476249064,-1.379462614,,automatic,smi:org.gfz-potsdam.de/geofon/StdLoc_GridSearch+LeastSquares,scanloc@bedretto-dev2,7.65E-05,8,-4.521649202,MwA
-83.70794463,-44.24747766,-110.625914,733,2023-08-03T10:59:28.194572Z,46.51057528,8.476278497,-1.374754086,,automatic,smi:org.gfz-potsdam.de/geofon/StdLoc_GridSearch+LeastSquares,scanloc@bedretto-dev2,0.000180355,15,-4.166224043,MwA
-93.0466218,-43.34187882,-92.497076,739,2023-08-03T11:00:30.954498Z,46.51058454,8.476156991,-1.392882924,,automatic,smi:org.gfz-potsdam.de/geofon/StdLoc_GridSearch+LeastSquares,scanloc@bedretto-dev2,5.96E-05,10,-4.38018867,MwA
-92.71156812,-45.65537368,-95.925652,741,2023-08-03T11:01:51.294631Z,46.51056369,8.476160957,-1.389454348,,automatic,smi:org.gfz-potsdam.de/geofon/StdLoc_GridSearch+LeastSquares,scanloc@bedretto-dev2,6.23E-05,11,-4.292916644,MwA
-100.5723466,-58.21906403,-79.161482,742,2023-08-03T11:01:51.969726Z,46.51045162,8.476056385,-1.406218518,,automatic,smi:org.gfz-potsdam.de/geofon/StdLoc_GridSearch+LeastSquares,scanloc@bedretto-dev2,7.28E-05,13,-4.245565373,MwA
-92.57032982,-47.73117825,-104.569997,744,2023-08-03T11:04:45.515993Z,46.510545,8.476162438,-1.380810003,,automatic,smi:org.gfz-potsdam.de/geofon/StdLoc_GridSearch+LeastSquares,scanloc@bedretto-dev2,6.82E-05,10,-4.534499341,MwA
-86.20397335,-41.99844711,-92.993593,746,2023-08-03T11:06:36.711292Z,46.51059581,8.476246369,-1.392386407,,automatic,smi:org.gfz-potsdam.de/geofon/StdLoc_GridSearch+LeastSquares,scanloc@bedretto-dev2,0.000110348,11,-4.49575613,MwA
-122.5404666,8.074811202,-47.166708,747,2023-08-03T11:07:14.709319Z,46.51105054,8.475781604,-1.438213292,,automatic,smi:org.gfz-potsdam.de/geofon/StdLoc_GridSearch+LeastSquares,scanloc@bedretto-dev2,0.000278851,11,-3.959883298,MwA
-110.0227814,-54.83921787,-103.811566,748,2023-08-03T11:12:01.489489Z,46.51048314,8.475933842,-1.381568434,,automatic,smi:org.gfz-potsdam.de/geofon/StdLoc_GridSearch+LeastSquares,scanloc@bedretto-dev2,9.54E-05,15,-4.090656716,MwA
-124.0008466,-76.23966176,-97.318441,749,2023-08-03T11:13:09.825433Z,46.51029231,8.475748051,-1.388061559,,automatic,smi:org.gfz-potsdam.de/geofon/StdLoc_GridSearch+LeastSquares,scanloc@bedretto-dev2,6.29E-05,8,-4.17845348,MwA
-119.9650233,-58.32571951,-112.093063,751,2023-08-03T11:19:33.086049Z,46.51045296,8.475803712,-1.373286937,,automatic,smi:org.gfz-potsdam.de/geofon/StdLoc_GridSearch+LeastSquares,scanloc@bedretto-dev2,8.21E-05,9,-4.401034713,MwA
-123.9828897,-55.07739443,-90.74817,753,2023-08-03T11:26:40.454536Z,46.51048266,8.47575193,-1.39463183,,automatic,smi:org.gfz-potsdam.de/geofon/StdLoc_GridSearch+LeastSquares,scanloc@bedretto-dev2,0.000174001,8,-4.217769196,MwA
-48.15384584,-25.16821607,-83.606012,754,2023-08-03T11:27:52.923302Z,46.51074267,8.476744992,-1.401773988,,automatic,smi:org.gfz-potsdam.de/geofon/StdLoc_GridSearch+LeastSquares,scanloc@bedretto-dev2,0.000200272,19,-3.720936735,MwA
-47.44555928,-25.31316652,-93.268479,755,2023-08-03T11:35:14.801651Z,46.51074128,8.476754193,-1.392111521,,automatic,smi:org.gfz-potsdam.de/geofon/StdLoc_GridSearch+LeastSquares,scanloc@bedretto-dev2,0.00021924,13,-3.720019962,MwA
-96.25847618,-48.62934314,-103.508008,758,2023-08-03T11:46:46.762245Z,46.51053736,8.476114234,-1.381871992,,automatic,smi:org.gfz-potsdam.de/geofon/StdLoc_GridSearch+LeastSquares,scanloc@bedretto-dev2,0.000134305,11,-4.639960651,MwA
-109.7508204,-62.3046941,-88.815696,759,2023-08-03T12:01:48.321977Z,46.51041596,8.475936102,-1.396564304,,automatic,smi:org.gfz-potsdam.de/geofon/StdLoc_GridSearch+LeastSquares,scanloc@bedretto-dev2,6.66E-05,12,-4.159179069,MwA
-96.43759448,-46.07261041,-96.71956,761,2023-08-03T12:09:28.154358Z,46.51056038,8.476112342,-1.38866044,,automatic,smi:org.gfz-potsdam.de/geofon/StdLoc_GridSearch+LeastSquares,scanloc@bedretto-dev2,4.93E-05,11,-4.309993939,MwA
-95.54879905,-41.3448544,-94.808785,762,2023-08-03T12:10:59.575482Z,46.5106028,8.476124736,-1.390571215,,automatic,smi:org.gfz-potsdam.de/geofon/StdLoc_GridSearch+LeastSquares,scanloc@bedretto-dev2,8.24E-05,15,-4.133644591,MwA
-93.85569312,-39.63148473,-95.30333,763,2023-08-03T12:17:12.100161Z,46.51061801,8.476147089,-1.39007667,,automatic,smi:org.gfz-potsdam.de/geofon/StdLoc_GridSearch+LeastSquares,scanloc@bedretto-dev2,9.41E-05,11,-4.305785788,MwA
-127.2564276,-60.19910426,-92.2196,766,2023-08-03T12:28:09.908431Z,46.51043698,8.4757084,-1.3931604,,automatic,smi:org.gfz-potsdam.de/geofon/StdLoc_GridSearch+LeastSquares,scanloc@bedretto-dev2,0.000130577,8,-3.963961787,MwA
-106.6455218,-54.71470359,-95.749317,767,2023-08-03T12:49:42.214348Z,46.51048386,8.475977864,-1.389630683,,automatic,smi:org.gfz-potsdam.de/geofon/StdLoc_GridSearch+LeastSquares,scanloc@bedretto-dev2,9.24E-05,12,-4.286235729,MwA
-95.19647852,-35.48794788,-94.45212,769,2023-08-03T15:35:58.806787Z,46.51065544,8.476130335,-1.39092788,,automatic,smi:org.gfz-potsdam.de/geofon/StdLoc_GridSearch+LeastSquares,scanloc@bedretto-dev2,6.59E-05,8,-4.337465641,MwA
-89.59596402,-45.58106039,-85.251535,770,2023-08-03T15:39:33.557307Z,46.51056399,8.476201562,-1.400128465,,automatic,smi:org.gfz-potsdam.de/geofon/StdLoc_GridSearch+LeastSquares,scanloc@bedretto-dev2,0.000166758,14,-4.331810458,MwA
-95.88420528,-49.57531366,-86.596901,771,2023-08-03T16:31:08.967786Z,46.51052881,8.47611895,-1.398783099,,automatic,smi:org.gfz-potsdam.de/geofon/StdLoc_GridSearch+LeastSquares,scanloc@bedretto-dev2,7.17E-05,12,-4.39177664,MwA
